SnapshotSchemaVersion,SnapshotRecordType,SnapshotRunStatus,SnapshotErrorType,SnapshotErrorMessage,UniverseExpectedCount,UniverseDisposition,UniverseExclusionReason,DollarVolumeMedian20,Ticker,Price,MA20,MA60,VolRatio,Support,Resistance,Position,Status,Priority,Score,PriorityPreTheme,PriorityPostTheme,ScorePreTheme,RankScore,RevenueScore,ThemeScore,EligiblePreTheme,EligiblePostTheme,CrossedThresholdDueToTheme,EnteredTop10DueToTheme,ConsecDays,DistMA60Pct,DistTag,EntryLow,EntryHigh,StopLoss,ATR,ATR_Pct,DistDirection,DistATRMult,YoY,PreGapPct,PreGapStatus,PreMarketPrice,PreMarketQuoteTimeET,PreGapReferencePrice,PreGapReferenceDate,PreGapReferenceBasis,PreGapDefinitionVersion,SignalEngineVersion,MeasurementVersion,GitCommitSha,ConfigHash,UniverseVersion,SnapshotAsOfET,DataBarDate,ScanSession,ScanAfterOpen,SnapshotTimingSource,CandidateLeg,SelectedLeg,LegScoreRaw,LegAnchor,LegAnchorPrice,VetoReason,MarketBias,VixLevel,SpyPrice,SpyPrevClose,SpyGapPct,QqqPrice,QqqPrevClose,QqqGapPct,EsFuturesPct,NqFuturesPct,BreadthPct,SmallCapWeak,RSI,VolDry,NearMA60,Oversold,RsiTurnUp,HoldMA,SetupType,DiagnosticSetupTypeV1,TradePlanStatus,TradePlanVersion,PlanMeasurementVersion,PlanSelectedLeg,OrderType,PlanAnchor,PlanAnchorPrice,TriggerPrice,PlanEntryLow,PlanEntryHigh,PlanStopLoss,PlanValidDays,PlanTimeExitDays,PlanStopType,PlanExitRule,PlanEarliestEntryDate,PlanReason
v1.3.3,data,ok,,,99,processed,,240723850.44,INSM,104.12999725341795,109.52,107.91,0.63,107.91,109.99,consolidate,📐 盤整甜點位｜量縮低接 | 🚀 季營收爆量+50%(+229.6%),13,13.63,13,13,13.63,13.63,3,0,1,1,0,0,0,-3.5,🎯 甜點價,107.91,109.88,98.21,3.95,3.8,down,0.96,2.2962,1.8,available,106.0,2026-07-29T08:14:13-04:00,104.12999725341795,2026-07-28,signal_bar_close_auto_adjusted,v1.3.2-signal-bar-close,v1.2.1,legacy-v0,c851a40b8c5a3ad54e47b7224afffe599560d477,8142e595d788ac06,ndx-99-78834e47b659,2026-07-29T09:02:07.293760-04:00,2026-07-28,premarket,0,xnys,consolidation_dip,consolidation_dip,10,ma60,107.91,,neutral,18.65999984741211,740.52,740.8599853515625,-0.05,675.22,675.489990234375,-0.04,0.02,0.02,0.5354,0,42.8,1,1,0,0,0,consolidation_dip,consolidation_dip,shadow_ready,v1.3.1-shadow,v1.3.1-shadow,consolidation_dip,buy_stop_reclaim,ma60,107.91,107.91,107.91,109.88,101.99,5,40,intraday,initial_stop_or_d40_close,2026-07-29,price_below_ma60_wait_for_reclaim
v1.3.3,data,ok,,,99,processed,,530032952.33,PDD,85.70999908447266,83.96,86.96,0.51,86.96,86.34,consolidate,📐 盤整甜點位｜量縮低接 | 📈 季營收成長+10%(+11.0%),11,11.51,11,11,11.51,11.51,1,0,1,1,0,0,0,-1.4,🎯 甜點價,86.96,88.16,82.1,2.4,2.8,down,0.52,0.1103,0.23,available,85.91,2026-07-29T08:59:39-04:00,85.70999908447266,2026-07-28,signal_bar_close_auto_adjusted,v1.3.2-signal-bar-close,v1.2.1,legacy-v0,c851a40b8c5a3ad54e47b7224afffe599560d477,8142e595d788ac06,ndx-99-78834e47b659,2026-07-29T09:02:07.293760-04:00,2026-07-28,premarket,0,xnys,consolidation_dip,consolidation_dip,10,ma60,86.96,,neutral,18.65999984741211,740.52,740.8599853515625,-0.05,675.22,675.489990234375,-0.04,0.02,0.02,0.5354,0,54.6,1,1,0,0,1,consolidation_dip,consolidation_dip,shadow_ready,v1.3.1-shadow,v1.3.1-shadow,consolidation_dip,buy_stop_reclaim,ma60,86.96,86.96,86.96,88.16,83.35,5,40,intraday,initial_stop_or_d40_close,2026-07-29,price_below_ma60_wait_for_reclaim
v1.3.3,data,ok,,,99,processed,,1220832697.2,INTU,312.989990234375,283.54,311.55,1.23,311.55,319.99,consolidate,🌤️ 守均線拉回｜回測MA60不破 | 📈 季營收成長+10%(+10.4%),6,7.23,6,6,7.23,7.23,1,0,0,0,0,0,0,0.5,🎯 甜點價,311.55,318.45,292.3,13.79,4.4,up,0.1,0.1037,0.24,available,313.75,2026-07-29T08:58:02-04:00,312.989990234375,2026-07-28,signal_bar_close_auto_adjusted,v1.3.2-signal-bar-close,v1.2.1,legacy-v0,c851a40b8c5a3ad54e47b7224afffe599560d477,8142e595d788ac06,ndx-99-78834e47b659,2026-07-29T09:02:07.293760-04:00,2026-07-28,premarket,0,xnys,healthy_pullback,healthy_pullback,5,ma60,311.55,,neutral,18.65999984741211,740.52,740.8599853515625,-0.05,675.22,675.489990234375,-0.04,0.02,0.02,0.5354,0,62.1,0,1,0,0,1,none,none,shadow_ready,v1.3.1-shadow,v1.3.1-shadow,healthy_pullback,buy_limit_zone,ma60,311.55,318.45,311.55,318.45,290.86,3,40,intraday,initial_stop_or_d40_close,2026-07-29,pullback_limit_uses_ma60_anchor
v1.3.3,data,ok,,,99,processed,,2543830712.84,CSCO,115.58000183105467,114.35,114.17,1.15,114.17,117.07,consolidate,🌤️ 守均線拉回｜回測MA20不破 | 📈 季營收成長+10%(+12.0%),6,7.15,6,6,7.15,7.15,1,0,0,0,0,0,0,1.2,🎯 甜點價,114.17,115.99,110.11,3.64,3.2,up,0.39,0.1196,0.35,available,115.99,2026-07-29T09:00:42-04:00,115.58000183105467,2026-07-28,signal_bar_close_auto_adjusted,v1.3.2-signal-bar-close,v1.2.1,legacy-v0,c851a40b8c5a3ad54e47b7224afffe599560d477,8142e595d788ac06,ndx-99-78834e47b659,2026-07-29T09:02:07.293760-04:00,2026-07-28,premarket,0,xnys,healthy_pullback,healthy_pullback,5,ma20,114.35,,neutral,18.65999984741211,740.52,740.8599853515625,-0.05,675.22,675.489990234375,-0.04,0.02,0.02,0.5354,0,52.1,0,1,0,0,1,none,none,shadow_ready,v1.3.1-shadow,v1.3.1-shadow,healthy_pullback,buy_limit_zone,ma20,114.35,116.17,114.35,116.17,108.88,3,40,intraday,initial_stop_or_d40_close,2026-07-29,pullback_limit_uses_ma20_anchor
v1.3.3,data,ok,,,99,processed,,296512053.93,GEHC,64.11000061035156,63.53,63.21,1.7,63.21,64.25,consolidate,"🌤️ 守均線拉回｜回測MA20不破 | 🚨 盤前極端跳空 +8.8%(多為財報/事件,謹慎)",5,6.7,5,5,6.7,6.7,0,0,0,0,0,0,0,1.4,🎯 甜點價,63.21,64.24,61.02,2.06,3.2,up,0.44,0.0741,8.83,available,69.77,2026-07-29T09:01:02-04:00,64.11000061035156,2026-07-28,signal_bar_close_auto_adjusted,v1.3.2-signal-bar-close,v1.2.1,legacy-v0,c851a40b8c5a3ad54e47b7224afffe599560d477,8142e595d788ac06,ndx-99-78834e47b659,2026-07-29T09:02:07.293760-04:00,2026-07-28,premarket,0,xnys,healthy_pullback,healthy_pullback,5,ma20,63.53,,neutral,18.65999984741211,740.52,740.8599853515625,-0.05,675.22,675.489990234375,-0.04,0.02,0.02,0.5354,0,52.7,0,1,0,0,1,none,none,shadow_ready,v1.3.1-shadow,v1.3.1-shadow,healthy_pullback,buy_limit_zone,ma20,63.53,64.56,63.53,64.56,60.44,3,40,intraday,initial_stop_or_d40_close,2026-07-29,pullback_limit_uses_ma20_anchor
v1.3.3,data,ok,,,99,processed,,329252428.75,CPRT,30.690000534057617,28.28,30.68,1.63,30.68,31.2,consolidate,🌤️ 守均線拉回｜回測MA60不破,5,6.63,5,5,6.63,6.63,0,0,0,0,0,0,0,0.0,🎯 甜點價,30.68,31.18,29.2,1.0,3.2,up,0.01,0.0209,0.68,available,30.9,2026-07-29T08:54:24-04:00,30.690000534057617,2026-07-28,signal_bar_close_auto_adjusted,v1.3.2-signal-bar-close,v1.2.1,legacy-v0,c851a40b8c5a3ad54e47b7224afffe599560d477,8142e595d788ac06,ndx-99-78834e47b659,2026-07-29T09:02:07.293760-04:00,2026-07-28,premarket,0,xnys,healthy_pullback,healthy_pullback,5,ma60,30.68,,neutral,18.65999984741211,740.52,740.8599853515625,-0.05,675.22,675.489990234375,-0.04,0.02,0.02,0.5354,0,61.9,0,1,0,0,1,none,none,shadow_ready,v1.3.1-shadow,v1.3.1-shadow,healthy_pullback,buy_limit_zone,ma60,30.68,31.18,30.68,31.18,29.19,3,40,intraday,initial_stop_or_d40_close,2026-07-29,pullback_limit_uses_ma60_anchor
v1.3.3,data,ok,,,99,processed,,354122344.67,ZS,151.6300048828125,146.25,143.78,0.62,143.78,154.27,consolidate,🌤️ 守均線拉回｜回測MA20不破 | 📈 季營收成長+10%(+25.4%),6,6.62,6,6,6.62,6.62,1,0,0,0,0,0,0,5.5,📍 偏離待回 ↑,147.66,155.43,142.31,7.77,5.1,up,1.01,0.2543,-0.35,available,151.1048,2026-07-29T08:55:55-04:00,151.6300048828125,2026-07-28,signal_bar_close_auto_adjusted,v1.3.2-signal-bar-close,v1.2.1,legacy-v0,c851a40b8c5a3ad54e47b7224afffe599560d477,8142e595d788ac06,ndx-99-78834e47b659,2026-07-29T09:02:07.293760-04:00,2026-07-28,premarket,0,xnys,healthy_pullback,healthy_pullback,5,ma20,146.25,,neutral,18.65999984741211,740.52,740.8599853515625,-0.05,675.22,675.489990234375,-0.04,0.02,0.02,0.5354,0,57.8,1,1,0,0,1,none,none,shadow_ready,v1.3.1-shadow,v1.3.1-shadow,healthy_pullback,buy_limit_zone,ma20,146.25,150.13,146.25,150.13,134.6,3,40,intraday,initial_stop_or_d40_close,2026-07-29,pullback_limit_uses_ma20_anchor
v1.3.3,data,ok,,,99,processed,,398813756.95,KDP,31.07999992370605,31.07,30.38,1.23,30.38,31.71,consolidate,🌤️ 守均線拉回｜回測MA20不破,5,6.23,5,5,6.23,6.23,0,0,0,0,0,0,0,2.3,🎯 甜點價,30.38,30.83,29.73,0.9,2.9,up,0.78,0.0938,0.31,available,31.176,2026-07-29T08:55:49-04:00,31.07999992370605,2026-07-28,signal_bar_close_auto_adjusted,v1.3.2-signal-bar-close,v1.2.1,legacy-v0,c851a40b8c5a3ad54e47b7224afffe599560d477,8142e595d788ac06,ndx-99-78834e47b659,2026-07-29T09:02:07.293760-04:00,2026-07-28,premarket,0,xnys,healthy_pullback,healthy_pullback,5,ma20,31.07,,neutral,18.65999984741211,740.52,740.8599853515625,-0.05,675.22,675.489990234375,-0.04,0.02,0.02,0.5354,0,52.5,0,1,0,0,1,none,none,shadow_ready,v1.3.1-shadow,v1.3.1-shadow,healthy_pullback,buy_limit_zone,ma20,31.07,31.52,31.07,31.52,29.72,3,40,intraday,initial_stop_or_d40_close,2026-07-29,pullback_limit_uses_ma20_anchor
v1.3.3,data,ok,,,99,processed,,521970785.87,MAR,383.5199890136719,371.73,373.43,1.15,373.43,384.23,consolidate,🌤️ 守均線拉回｜回測MA60不破,5,6.15,5,5,6.15,6.15,0,0,0,0,0,0,0,2.7,📍 偏離待回 ↑,377.63,386.04,373.43,8.41,2.2,up,1.2,0.0624,-0.38,available,382.05,2026-07-29T08:52:14-04:00,383.5199890136719,2026-07-28,signal_bar_close_auto_adjusted,v1.3.2-signal-bar-close,v1.2.1,legacy-v0,c851a40b8c5a3ad54e47b7224afffe599560d477,8142e595d788ac06,ndx-99-78834e47b659,2026-07-29T09:02:07.293760-04:00,2026-07-28,premarket,0,xnys,healthy_pullback,healthy_pullback,5,ma60,373.43,,neutral,18.65999984741211,740.52,740.8599853515625,-0.05,675.22,675.489990234375,-0.04,0.02,0.02,0.5354,0,58.1,0,1,0,0,1,none,none,shadow_ready,v1.3.1-shadow,v1.3.1-shadow,healthy_pullback,buy_limit_zone,ma60,373.43,377.63,373.43,377.63,360.82,3,40,intraday,initial_stop_or_d40_close,2026-07-29,pullback_limit_uses_ma60_anchor
v1.3.3,data,ok,,,99,processed,,22995629090.39,SNDK,1096.0999755859375,1636.4,1667.75,1.62,1667.75,1696.37,low,🔥 靈魂吸籌(觀察標記) | 🚀 季營收爆量+50%(+251.0%),3,4.62,3,3,4.62,4.62,3,0,0,0,0,0,0,-34.3,⚠️ 已偏離,0.0,0.0,800.83,196.84,18.0,down,2.9,2.5103,-0.16,available,1094.36,2026-07-29T09:01:05-04:00,1096.0999755859375,2026-07-28,signal_bar_close_auto_adjusted,v1.3.2-signal-bar-close,v1.2.1,legacy-v0,c851a40b8c5a3ad54e47b7224afffe599560d477,8142e595d788ac06,ndx-99-78834e47b659,2026-07-29T09:02:07.293760-04:00,2026-07-28,premarket,0,xnys,legacy_accumulation,none,0,none,,,neutral,18.65999984741211,740.52,740.8599853515625,-0.05,675.22,675.489990234375,-0.04,0.02,0.02,0.5354,0,34.3,0,0,0,0,0,none,none,not_applicable,v1.3.1-shadow,v1.3.1-shadow,none,none,none,,,,,,0,40,intraday,initial_stop_or_d40_close,2026-07-29,
v1.3.3,data,ok,,,99,processed,,40772744912.78,MU,820.530029296875,947.94,914.42,1.25,914.42,1011.77,transition_low,🔥 靈魂吸籌(觀察標記) | 🚀 季營收爆量+50%(+345.7%),3,4.25,3,3,4.25,4.25,3,0,0,0,0,0,0,-10.3,📍 偏離待回 ↓,875.72,914.42,727.66,77.39,9.4,down,1.21,3.4572,0.06,available,821.0,2026-07-29T09:01:05-04:00,820.530029296875,2026-07-28,signal_bar_close_auto_adjusted,v1.3.2-signal-bar-close,v1.2.1,legacy-v0,c851a40b8c5a3ad54e47b7224afffe599560d477,8142e595d788ac06,ndx-99-78834e47b659,2026-07-29T09:02:07.293760-04:00,2026-07-28,premarket,0,xnys,legacy_accumulation,none,0,none,,,neutral,18.65999984741211,740.52,740.8599853515625,-0.05,675.22,675.489990234375,-0.04,0.02,0.02,0.5354,0,40.3,0,0,0,0,0,none,none,not_applicable,v1.3.1-shadow,v1.3.1-shadow,none,none,none,,,,,,0,40,intraday,initial_stop_or_d40_close,2026-07-29,
v1.3.3,data,ok,,,99,processed,,350330327.74,ALNY,288.4100036621094,290.89,292.64,1.14,292.64,290.89,consolidate,🔎 觀望 | 🚀 季營收爆量+50%(+96.4%),3,4.14,3,3,4.14,4.14,3,0,0,0,0,0,0,-1.4,🎯 甜點價,292.64,300.15,265.89,15.02,5.2,down,0.28,0.9643,0.55,available,290.0,2026-07-29T08:58:59-04:00,288.4100036621094,2026-07-28,signal_bar_close_auto_adjusted,v1.3.2-signal-bar-close,v1.2.1,legacy-v0,c851a40b8c5a3ad54e47b7224afffe599560d477,8142e595d788ac06,ndx-99-78834e47b659,2026-07-29T09:02:07.293760-04:00,2026-07-28,premarket,0,xnys,none,none,0,none,,,neutral,18.65999984741211,740.52,740.8599853515625,-0.05,675.22,675.489990234375,-0.04,0.02,0.02,0.5354,0,51.0,0,1,0,0,0,none,none,not_applicable,v1.3.1-shadow,v1.3.1-shadow,none,none,none,,,,,,0,40,intraday,initial_stop_or_d40_close,2026-07-29,
v1.3.3,data,ok,,,99,processed,,4048412853.68,STX,747.2999877929688,854.44,868.84,2.08,868.84,936.49,transition_low,"🔥 靈魂吸籌(觀察標記) | ✨ 季營收強勢+30%(+44.1%) | 🚨 盤前極端跳空 +5.2%(多為財報/事件,謹慎)",2,4.08,2,2,4.08,4.08,2,0,0,0,0,0,0,-14.0,📍 偏離待回 ↓,829.97,868.84,654.01,77.74,10.4,down,1.56,0.4407,5.18,available,786.0,2026-07-29T09:01:00-04:00,747.2999877929688,2026-07-28,signal_bar_close_auto_adjusted,v1.3.2-signal-bar-close,v1.2.1,legacy-v0,c851a40b8c5a3ad54e47b7224afffe599560d477,8142e595d788ac06,ndx-99-78834e47b659,2026-07-29T09:02:07.293760-04:00,2026-07-28,premarket,0,xnys,legacy_accumulation,none,0,none,,,neutral,18.65999984741211,740.52,740.8599853515625,-0.05,675.22,675.489990234375,-0.04,0.02,0.02,0.5354,0,39.7,0,0,0,0,0,none,none,not_applicable,v1.3.1-shadow,v1.3.1-shadow,none,none,none,,,,,,0,40,intraday,initial_stop_or_d40_close,2026-07-29,
v1.3.3,data,ok,,,99,processed,,2419414301.81,APP,418.2200012207031,465.97,492.65,1.01,492.65,465.97,transition_low,🔎 觀望 | 🚀 季營收爆量+50%(+59.0%),3,4.01,3,3,4.01,4.01,3,0,0,0,0,0,0,-15.1,⚠️ 已偏離,0.0,0.0,375.67,28.37,6.8,down,2.62,0.5897,-1.22,available,413.1,2026-07-29T08:59:58-04:00,418.2200012207031,2026-07-28,signal_bar_close_auto_adjusted,v1.3.2-signal-bar-close,v1.2.1,legacy-v0,c851a40b8c5a3ad54e47b7224afffe599560d477,8142e595d788ac06,ndx-99-78834e47b659,2026-07-29T09:02:07.293760-04:00,2026-07-28,premarket,0,xnys,none,none,0,none,,,neutral,18.65999984741211,740.52,740.8599853515625,-0.05,675.22,675.489990234375,-0.04,0.02,0.02,0.5354,0,39.7,0,0,0,0,0,none,none,not_applicable,v1.3.1-shadow,v1.3.1-shadow,none,none,none,,,,,,0,40,intraday,initial_stop_or_d40_close,2026-07-29,
v1.3.3,data,ok,,,99,processed,,3189271993.66,LITE,651.9299926757812,764.0,863.04,0.94,863.04,897.0,low,🔎 觀望 | 🚀 季營收爆量+50%(+90.1%),3,3.94,3,3,3.94,3.94,3,0,0,0,0,0,0,-24.5,⚠️ 已偏離,0.0,0.0,545.93,70.67,10.8,down,2.99,0.9012,0.24,available,653.5215,2026-07-29T09:01:08-04:00,651.9299926757812,2026-07-28,signal_bar_close_auto_adjusted,v1.3.2-signal-bar-close,v1.2.1,legacy-v0,c851a40b8c5a3ad54e47b7224afffe599560d477,8142e595d788ac06,ndx-99-78834e47b659,2026-07-29T09:02:07.293760-04:00,2026-07-28,premarket,0,xnys,none,none,0,none,,,neutral,18.65999984741211,740.52,740.8599853515625,-0.05,675.22,675.489990234375,-0.04,0.02,0.02,0.5354,0,37.4,0,0,0,0,0,none,none,not_applicable,v1.3.1-shadow,v1.3.1-shadow,none,none,none,,,,,,0,40,intraday,initial_stop_or_d40_close,2026-07-29,
v1.3.3,data,ok,,,99,processed,,4680131313.16,PLTR,123.52999877929688,129.22,132.39,0.93,132.39,132.41,consolidate,🔎 觀望 | 🚀 季營收爆量+50%(+84.7%),3,3.93,3,3,3.93,3.93,3,0,0,0,0,0,0,-6.7,📍 偏離待回 ↓,128.72,132.39,114.71,7.35,5.9,down,1.21,0.8471,0.53,available,124.19,2026-07-29T09:01:06-04:00,123.52999877929688,2026-07-28,signal_bar_close_auto_adjusted,v1.3.2-signal-bar-close,v1.2.1,legacy-v0,c851a40b8c5a3ad54e47b7224afffe599560d477,8142e595d788ac06,ndx-99-78834e47b659,2026-07-29T09:02:07.293760-04:00,2026-07-28,premarket,0,xnys,none,none,0,none,,,neutral,18.65999984741211,740.52,740.8599853515625,-0.05,675.22,675.489990234375,-0.04,0.02,0.02,0.5354,0,44.5,0,1,0,0,0,none,none,not_applicable,v1.3.1-shadow,v1.3.1-shadow,none,none,none,,,,,,0,40,intraday,initial_stop_or_d40_close,2026-07-29,
v1.3.3,data,ok,,,99,processed,,726074359.75,CEG,259.82000732421875,255.15,269.86,0.84,269.86,279.6,consolidate,🔎 觀望 | 🚀 季營收爆量+50%(+63.8%),3,3.84,3,3,3.84,3.84,3,0,0,0,0,0,0,-3.7,📍 偏離待回 ↓,265.31,269.86,248.9,9.1,3.5,down,1.1,0.6385,-0.0,available,259.82,2026-07-29T09:00:51-04:00,259.82000732421875,2026-07-28,signal_bar_close_auto_adjusted,v1.3.2-signal-bar-close,v1.2.1,legacy-v0,c851a40b8c5a3ad54e47b7224afffe599560d477,8142e595d788ac06,ndx-99-78834e47b659,2026-07-29T09:02:07.293760-04:00,2026-07-28,premarket,0,xnys,none,none,0,none,,,neutral,18.65999984741211,740.52,740.8599853515625,-0.05,675.22,675.489990234375,-0.04,0.02,0.02,0.5354,0,48.7,0,1,0,0,1,none,none,not_applicable,v1.3.1-shadow,v1.3.1-shadow,none,none,none,,,,,,0,40,intraday,initial_stop_or_d40_close,2026-07-29,
v1.3.3,data,ok,,,99,processed,,26431502329.79,NVDA,197.00999450683597,203.63,208.59,0.81,208.59,214.39,consolidate,🔎 觀望 | 🚀 季營收爆量+50%(+85.2%),3,3.81,3,3,3.81,3.81,3,0,0,0,0,0,0,-5.6,📍 偏離待回 ↓,204.79,208.59,187.89,7.6,3.9,down,1.52,0.8523,-0.09,available,196.84,2026-07-29T09:01:10-04:00,197.00999450683597,2026-07-28,signal_bar_close_auto_adjusted,v1.3.2-signal-bar-close,v1.2.1,legacy-v0,c851a40b8c5a3ad54e47b7224afffe599560d477,8142e595d788ac06,ndx-99-78834e47b659,2026-07-29T09:02:07.293760-04:00,2026-07-28,premarket,0,xnys,none,none,0,none,,,neutral,18.65999984741211,740.52,740.8599853515625,-0.05,675.22,675.489990234375,-0.04,0.02,0.02,0.5354,0,43.0,0,1,0,0,0,none,none,not_applicable,v1.3.1-shadow,v1.3.1-shadow,none,none,none,,,,,,0,40,intraday,initial_stop_or_d40_close,2026-07-29,
v1.3.3,data,ok,,,99,processed,,917198987.79,MCHP,75.70999908447266,84.08,91.28,1.3,91.28,85.66,transition_low,🔥 靈魂吸籌(觀察標記) | ✨ 季營收強勢+30%(+35.1%),2,3.3,2,2,3.3,3.3,2,0,0,0,0,0,0,-17.1,⚠️ 已偏離,0.0,0.0,69.32,4.26,5.6,down,3.66,0.3511,-1.18,available,74.82,2026-07-29T08:56:24-04:00,75.70999908447266,2026-07-28,signal_bar_close_auto_adjusted,v1.3.2-signal-bar-close,v1.2.1,legacy-v0,c851a40b8c5a3ad54e47b7224afffe599560d477,8142e595d788ac06,ndx-99-78834e47b659,2026-07-29T09:02:07.293760-04:00,2026-07-28,premarket,0,xnys,legacy_accumulation,none,0,none,,,neutral,18.65999984741211,740.52,740.8599853515625,-0.05,675.22,675.489990234375,-0.04,0.02,0.02,0.5354,0,35.4,0,0,0,0,0,none,none,not_applicable,v1.3.1-shadow,v1.3.1-shadow,none,none,none,,,,,,0,40,intraday,initial_stop_or_d40_close,2026-07-29,
v1.3.3,data,ok,,,99,processed,,679432516.39,SNPS,383.8200073242188,414.56,462.14,1.3,462.14,414.56,transition_low,🔥 靈魂吸籌(觀察標記) | ✨ 季營收強勢+30%(+41.9%),2,3.3,2,2,3.3,3.3,2,0,0,0,0,0,0,-16.9,⚠️ 已偏離,0.0,0.0,359.32,16.34,4.3,down,4.79,0.4187,0.05,available,384.02,2026-07-29T08:56:32-04:00,383.8200073242188,2026-07-28,signal_bar_close_auto_adjusted,v1.3.2-signal-bar-close,v1.2.1,legacy-v0,c851a40b8c5a3ad54e47b7224afffe599560d477,8142e595d788ac06,ndx-99-78834e47b659,2026-07-29T09:02:07.293760-04:00,2026-07-28,premarket,0,xnys,legacy_accumulation,none,0,none,,,neutral,18.65999984741211,740.52,740.8599853515625,-0.05,675.22,675.489990234375,-0.04,0.02,0.02,0.5354,0,33.9,0,0,0,0,0,none,none,not_applicable,v1.3.1-shadow,v1.3.1-shadow,none,none,none,,,,,,0,40,intraday,initial_stop_or_d40_close,2026-07-29,
v1.3.3,data,ok,,,99,processed,,4021747425.02,WDC,463.510009765625,540.27,544.54,1.21,544.54,576.37,transition_low,🔥 靈魂吸籌(觀察標記) | ✨ 季營收強勢+30%(+45.5%) | ⚡ 盤前跳空⬆️ +3.3%,2,3.21,2,2,3.21,3.21,2,0,0,0,0,0,0,-14.9,📍 偏離待回 ↓,518.67,544.54,401.43,51.73,11.2,down,1.57,0.4547,3.28,available,478.7323,2026-07-29T09:01:02-04:00,463.510009765625,2026-07-28,signal_bar_close_auto_adjusted,v1.3.2-signal-bar-close,v1.2.1,legacy-v0,c851a40b8c5a3ad54e47b7224afffe599560d477,8142e595d788ac06,ndx-99-78834e47b659,2026-07-29T09:02:07.293760-04:00,2026-07-28,premarket,0,xnys,legacy_accumulation,none,0,none,,,neutral,18.65999984741211,740.52,740.8599853515625,-0.05,675.22,675.489990234375,-0.04,0.02,0.02,0.5354,0,39.5,0,0,0,0,0,none,none,not_applicable,v1.3.1-shadow,v1.3.1-shadow,none,none,none,,,,,,0,40,intraday,initial_stop_or_d40_close,2026-07-29,
v1.3.3,data,ok,,,99,processed,,1500875361.94,ADI,365.8299865722656,383.16,402.68,1.16,402.68,387.62,transition_low,🔎 觀望 | ✨ 季營收強勢+30%(+37.2%),2,3.16,2,2,3.16,3.16,2,0,0,0,0,0,0,-9.2,⚠️ 已偏離,0.0,0.0,344.49,14.23,3.9,down,2.59,0.3725,-0.66,available,363.4022,2026-07-29T08:58:00-04:00,365.8299865722656,2026-07-28,signal_bar_close_auto_adjusted,v1.3.2-signal-bar-close,v1.2.1,legacy-v0,c851a40b8c5a3ad54e47b7224afffe599560d477,8142e595d788ac06,ndx-99-78834e47b659,2026-07-29T09:02:07.293760-04:00,2026-07-28,premarket,0,xnys,none,none,0,none,,,neutral,18.65999984741211,740.52,740.8599853515625,-0.05,675.22,675.489990234375,-0.04,0.02,0.02,0.5354,0,39.2,0,0,0,0,0,none,none,not_applicable,v1.3.1-shadow,v1.3.1-shadow,none,none,none,,,,,,0,40,intraday,initial_stop_or_d40_close,2026-07-29,
v1.3.3,data,ok,,,99,processed,,14681270286.59,AMD,454.6199951171875,527.48,493.72,1.0,493.72,561.47,consolidate,🔎 觀望 | ✨ 季營收強勢+30%(+37.9%),2,3.0,2,2,3.0,3.0,2,0,0,0,0,0,0,-7.9,📍 偏離待回 ↓,474.24,493.72,407.88,38.95,8.6,down,1.0,0.3785,-0.38,available,452.912,2026-07-29T09:01:12-04:00,454.6199951171875,2026-07-28,signal_bar_close_auto_adjusted,v1.3.2-signal-bar-close,v1.2.1,legacy-v0,c851a40b8c5a3ad54e47b7224afffe599560d477,8142e595d788ac06,ndx-99-78834e47b659,2026-07-29T09:02:07.293760-04:00,2026-07-28,premarket,0,xnys,none,none,0,none,,,neutral,18.65999984741211,740.52,740.8599853515625,-0.05,675.22,675.489990234375,-0.04,0.02,0.02,0.5354,0,39.2,0,1,0,0,0,none,none,not_applicable,v1.3.1-shadow,v1.3.1-shadow,none,none,none,,,,,,0,40,intraday,initial_stop_or_d40_close,2026-07-29,
v1.3.3,data,ok,,,99,processed,,864081052.76,SHOP,130.27999877929688,121.68,113.73,0.94,113.73,133.99,consolidate,🔎 觀望 | ✨ 季營收強勢+30%(+34.3%),2,2.94,2,2,2.94,2.94,2,0,0,0,0,0,0,14.6,⚠️ 已偏離,0.0,0.0,120.75,6.35,4.9,up,2.6,0.3432,-0.6,available,129.5,2026-07-29T09:00:09-04:00,130.27999877929688,2026-07-28,signal_bar_close_auto_adjusted,v1.3.2-signal-bar-close,v1.2.1,legacy-v0,c851a40b8c5a3ad54e47b7224afffe599560d477,8142e595d788ac06,ndx-99-78834e47b659,2026-07-29T09:02:07.293760-04:00,2026-07-28,premarket,0,xnys,none,none,0,none,,,neutral,18.65999984741211,740.52,740.8599853515625,-0.05,675.22,675.489990234375,-0.04,0.02,0.02,0.5354,0,62.0,0,0,0,0,1,none,none,not_applicable,v1.3.1-shadow,v1.3.1-shadow,none,none,none,,,,,,0,40,intraday,initial_stop_or_d40_close,2026-07-29,
v1.3.3,data,ok,,,99,processed,,701022629.46,CDNS,344.7200012207031,359.49,369.01,1.92,369.01,359.49,consolidate,🔥 靈魂吸籌(觀察標記) | 📈 季營收成長+10%(+18.7%),1,2.92,1,1,2.92,2.92,1,0,0,0,0,0,0,-6.6,📍 偏離待回 ↓,361.58,369.01,326.88,14.87,4.3,down,1.63,0.1866,0.24,available,345.5625,2026-07-29T08:56:36-04:00,344.7200012207031,2026-07-28,signal_bar_close_auto_adjusted,v1.3.2-signal-bar-close,v1.2.1,legacy-v0,c851a40b8c5a3ad54e47b7224afffe599560d477,8142e595d788ac06,ndx-99-78834e47b659,2026-07-29T09:02:07.293760-04:00,2026-07-28,premarket,0,xnys,legacy_accumulation,none,0,none,,,neutral,18.65999984741211,740.52,740.8599853515625,-0.05,675.22,675.489990234375,-0.04,0.02,0.02,0.5354,0,43.3,0,1,0,0,0,none,none,not_applicable,v1.3.1-shadow,v1.3.1-shadow,none,none,none,,,,,,0,40,intraday,initial_stop_or_d40_close,2026-07-29,
v1.3.3,data,ok,,,99,processed,,436575019.39,AXON,547.6500244140625,552.35,469.46,0.85,469.46,552.35,transition_high,🔎 觀望 | ✨ 季營收強勢+30%(+33.8%),2,2.85,2,2,2.85,2.85,2,0,0,0,0,0,0,16.7,⚠️ 已偏離,0.0,0.0,501.79,30.58,5.6,up,2.56,0.3375,0.25,available,549.0,2026-07-29T09:00:11-04:00,547.6500244140625,2026-07-28,signal_bar_close_auto_adjusted,v1.3.2-signal-bar-close,v1.2.1,legacy-v0,c851a40b8c5a3ad54e47b7224afffe599560d477,8142e595d788ac06,ndx-99-78834e47b659,2026-07-29T09:02:07.293760-04:00,2026-07-28,premarket,0,xnys,none,none,0,none,,,neutral,18.65999984741211,740.52,740.8599853515625,-0.05,675.22,675.489990234375,-0.04,0.02,0.02,0.5354,0,57.0,0,0,0,0,1,none,none,not_applicable,v1.3.1-shadow,v1.3.1-shadow,none,none,none,,,,,,0,40,intraday,initial_stop_or_d40_close,2026-07-29,
v1.3.3,data,ok,,,99,processed,,1095789818.31,NXPI,259.1199951171875,276.24,293.87,1.8,293.87,280.46,transition_low,🔥 靈魂吸籌(觀察標記) | 📈 季營收成長+10%(+12.2%) | ⚡ 盤前跳空⬇️ -2.1%,1,2.8,1,1,2.8,2.8,1,0,0,0,0,0,0,-11.8,⚠️ 已偏離,0.0,0.0,240.69,12.29,4.7,down,2.83,0.122,-2.15,available,253.56,2026-07-29T08:58:42-04:00,259.1199951171875,2026-07-28,signal_bar_close_auto_adjusted,v1.3.2-signal-bar-close,v1.2.1,legacy-v0,c851a40b8c5a3ad54e47b7224afffe599560d477,8142e595d788ac06,ndx-99-78834e47b659,2026-07-29T09:02:07.293760-04:00,2026-07-28,premarket,0,xnys,legacy_accumulation,none,0,none,,,neutral,18.65999984741211,740.52,740.8599853515625,-0.05,675.22,675.489990234375,-0.04,0.02,0.02,0.5354,0,37.9,0,0,0,0,0,none,none,not_applicable,v1.3.1-shadow,v1.3.1-shadow,none,none,none,,,,,,0,40,intraday,initial_stop_or_d40_close,2026-07-29,
v1.3.3,data,ok,,,99,processed,,8003269763.67,AVGO,380.9100036621094,382.73,401.5,0.79,401.5,398.59,consolidate,🔎 觀望 | ✨ 季營收強勢+30%(+47.9%),2,2.79,2,2,2.79,2.79,2,0,0,0,0,0,0,-5.1,📍 偏離待回 ↓,393.85,401.5,362.56,15.29,4.0,down,1.35,0.4787,-0.19,available,380.17,2026-07-29T09:01:02-04:00,380.9100036621094,2026-07-28,signal_bar_close_auto_adjusted,v1.3.2-signal-bar-close,v1.2.1,legacy-v0,c851a40b8c5a3ad54e47b7224afffe599560d477,8142e595d788ac06,ndx-99-78834e47b659,2026-07-29T09:02:07.293760-04:00,2026-07-28,premarket,0,xnys,none,none,0,none,,,neutral,18.65999984741211,740.52,740.8599853515625,-0.05,675.22,675.489990234375,-0.04,0.02,0.02,0.5354,0,47.5,0,1,0,0,0,none,none,not_applicable,v1.3.1-shadow,v1.3.1-shadow,none,none,none,,,,,,0,40,intraday,initial_stop_or_d40_close,2026-07-29,
v1.3.3,data,ok,,,99,processed,,619655546.97,MELI,1862.52001953125,1814.2,1709.9,0.76,1709.9,1886.0,consolidate,🔎 觀望 | ✨ 季營收強勢+30%(+49.0%),2,2.76,2,2,2.76,2.76,2,0,0,0,0,0,0,8.9,⚠️ 已偏離,0.0,0.0,1782.92,53.06,2.8,up,2.88,0.4903,-0.4,available,1855.0,2026-07-29T08:45:11-04:00,1862.52001953125,2026-07-28,signal_bar_close_auto_adjusted,v1.3.2-signal-bar-close,v1.2.1,legacy-v0,c851a40b8c5a3ad54e47b7224afffe599560d477,8142e595d788ac06,ndx-99-78834e47b659,2026-07-29T09:02:07.293760-04:00,2026-07-28,premarket,0,xnys,none,none,0,none,,,neutral,18.65999984741211,740.52,740.8599853515625,-0.05,675.22,675.489990234375,-0.04,0.02,0.02,0.5354,0,63.5,0,0,0,0,1,none,none,not_applicable,v1.3.1-shadow,v1.3.1-shadow,none,none,none,,,,,,0,40,intraday,initial_stop_or_d40_close,2026-07-29,
v1.3.3,data,ok,,,99,processed,,698191643.55,DASH,195.5200042724609,186.92,170.95,0.75,170.95,195.79,consolidate,🔎 觀望 | ✨ 季營收強勢+30%(+33.1%),2,2.75,2,2,2.75,2.75,2,0,0,0,0,0,0,14.4,⚠️ 已偏離,0.0,0.0,182.46,8.71,4.5,up,2.82,0.3311,0.42,available,196.34,2026-07-29T09:00:33-04:00,195.5200042724609,2026-07-28,signal_bar_close_auto_adjusted,v1.3.2-signal-bar-close,v1.2.1,legacy-v0,c851a40b8c5a3ad54e47b7224afffe599560d477,8142e595d788ac06,ndx-99-78834e47b659,2026-07-29T09:02:07.293760-04:00,2026-07-28,premarket,0,xnys,none,none,0,none,,,neutral,18.65999984741211,740.52,740.8599853515625,-0.05,675.22,675.489990234375,-0.04,0.02,0.02,0.5354,0,60.5,0,0,0,0,1,none,none,not_applicable,v1.3.1-shadow,v1.3.1-shadow,none,none,none,,,,,,0,40,intraday,initial_stop_or_d40_close,2026-07-29,
v1.3.3,data,ok,,,99,processed,,950841532.0,DDOG,250.8800048828125,257.96,230.85,0.73,230.85,257.96,consolidate,🔎 觀望 | ✨ 季營收強勢+30%(+32.1%),2,2.73,2,2,2.73,2.73,2,0,0,0,0,0,0,8.7,📍 偏離待回 ↑,237.31,250.24,235.37,12.93,5.2,up,1.55,0.3215,1.05,available,253.51,2026-07-29T08:58:58-04:00,250.8800048828125,2026-07-28,signal_bar_close_auto_adjusted,v1.3.2-signal-bar-close,v1.2.1,legacy-v0,c851a40b8c5a3ad54e47b7224afffe599560d477,8142e595d788ac06,ndx-99-78834e47b659,2026-07-29T09:02:07.293760-04:00,2026-07-28,premarket,0,xnys,none,none,0,none,,,neutral,18.65999984741211,740.52,740.8599853515625,-0.05,675.22,675.489990234375,-0.04,0.02,0.02,0.5354,0,51.7,0,0,0,0,1,none,none,not_applicable,v1.3.1-shadow,v1.3.1-shadow,none,none,none,,,,,,0,40,intraday,initial_stop_or_d40_close,2026-07-29,
v1.3.3,data,ok,,,99,processed,,10559974696.57,META,593.4099731445312,624.69,605.66,0.73,605.66,649.0,consolidate,🔎 觀望 | ✨ 季營收強勢+30%(+33.1%),2,2.73,2,2,2.73,2.73,2,0,0,0,0,0,0,-2.0,🎯 甜點價,605.66,618.44,555.07,25.56,4.3,down,0.48,0.3308,0.15,available,594.28,2026-07-29T09:01:20-04:00,593.4099731445312,2026-07-28,signal_bar_close_auto_adjusted,v1.3.2-signal-bar-close,v1.2.1,legacy-v0,c851a40b8c5a3ad54e47b7224afffe599560d477,8142e595d788ac06,ndx-99-78834e47b659,2026-07-29T09:02:07.293760-04:00,2026-07-28,premarket,0,xnys,none,none,0,none,,,neutral,18.65999984741211,740.52,740.8599853515625,-0.05,675.22,675.489990234375,-0.04,0.02,0.02,0.5354,0,43.4,0,1,0,0,0,none,none,not_applicable,v1.3.1-shadow,v1.3.1-shadow,none,none,none,,,,,,0,40,intraday,initial_stop_or_d40_close,2026-07-29,
v1.3.3,data,ok,,,99,processed,,670724417.2,ORLY,91.16999816894533,87.23,89.19,1.72,89.19,93.24,consolidate,🔥 靈魂吸籌(觀察標記) | 📈 季營收成長+10%(+10.2%),1,2.72,1,1,2.72,2.72,1,0,0,0,0,0,0,2.2,🎯 甜點價,89.19,90.69,86.66,3.01,3.3,up,0.66,0.1024,0.91,available,92.0,2026-07-29T08:59:47-04:00,91.16999816894533,2026-07-28,signal_bar_close_auto_adjusted,v1.3.2-signal-bar-close,v1.2.1,legacy-v0,c851a40b8c5a3ad54e47b7224afffe599560d477,8142e595d788ac06,ndx-99-78834e47b659,2026-07-29T09:02:07.293760-04:00,2026-07-28,premarket,0,xnys,legacy_accumulation,none,0,none,,,neutral,18.65999984741211,740.52,740.8599853515625,-0.05,675.22,675.489990234375,-0.04,0.02,0.02,0.5354,0,58.0,0,1,0,0,1,none,none,not_applicable,v1.3.1-shadow,v1.3.1-shadow,none,none,none,,,,,,0,40,intraday,initial_stop_or_d40_close,2026-07-29,
v1.3.3,data,ok,,,99,processed,,2215239517.07,PANW,319.0,339.11,284.26,0.68,284.26,344.19,consolidate,🔎 觀望 | ✨ 季營收強勢+30%(+31.1%),2,2.68,2,2,2.68,2.68,2,0,0,0,0,0,0,12.2,⚠️ 已偏離,0.0,0.0,293.07,17.29,5.4,up,2.01,0.3115,0.87,available,321.77,2026-07-29T09:01:12-04:00,319.0,2026-07-28,signal_bar_close_auto_adjusted,v1.3.2-signal-bar-close,v1.2.1,legacy-v0,c851a40b8c5a3ad54e47b7224afffe599560d477,8142e595d788ac06,ndx-99-78834e47b659,2026-07-29T09:02:07.293760-04:00,2026-07-28,premarket,0,xnys,none,none,0,none,,,neutral,18.65999984741211,740.52,740.8599853515625,-0.05,675.22,675.489990234375,-0.04,0.02,0.02,0.5354,0,48.4,1,0,0,0,1,none,none,not_applicable,v1.3.1-shadow,v1.3.1-shadow,none,none,none,,,,,,0,40,intraday,initial_stop_or_d40_close,2026-07-29,
v1.3.3,data,ok,,,99,processed,,456118141.39,ABNB,153.11000061035156,145.85,139.71,1.67,139.71,153.19,consolidate,🔥 靈魂吸籌(觀察標記) | 📈 季營收成長+10%(+17.9%),1,2.67,1,1,2.67,2.67,1,0,0,0,0,0,0,9.6,⚠️ 已偏離,0.0,0.0,146.58,4.36,2.8,up,3.08,0.1787,-1.24,available,151.2139,2026-07-29T09:00:07-04:00,153.11000061035156,2026-07-28,signal_bar_close_auto_adjusted,v1.3.2-signal-bar-close,v1.2.1,legacy-v0,c851a40b8c5a3ad54e47b7224afffe599560d477,8142e595d788ac06,ndx-99-78834e47b659,2026-07-29T09:02:07.293760-04:00,2026-07-28,premarket,0,xnys,legacy_accumulation,none,0,none,,,neutral,18.65999984741211,740.52,740.8599853515625,-0.05,675.22,675.489990234375,-0.04,0.02,0.02,0.5354,0,62.6,0,0,0,0,1,none,none,not_applicable,v1.3.1-shadow,v1.3.1-shadow,none,none,none,,,,,,0,40,intraday,initial_stop_or_d40_close,2026-07-29,
v1.3.3,data,ok,,,99,processed,,1477814375.65,ISRG,361.7999877929688,383.75,410.7,1.65,410.7,383.75,transition_low,🔥 靈魂吸籌(觀察標記) | 📈 季營收成長+10%(+18.5%),1,2.65,1,1,2.65,2.65,1,0,0,0,0,0,0,-11.9,⚠️ 已偏離,0.0,0.0,335.42,17.59,4.9,down,2.78,0.1854,0.66,available,364.2,2026-07-29T08:59:26-04:00,361.7999877929688,2026-07-28,signal_bar_close_auto_adjusted,v1.3.2-signal-bar-close,v1.2.1,legacy-v0,c851a40b8c5a3ad54e47b7224afffe599560d477,8142e595d788ac06,ndx-99-78834e47b659,2026-07-29T09:02:07.293760-04:00,2026-07-28,premarket,0,xnys,legacy_accumulation,none,0,none,,,neutral,18.65999984741211,740.52,740.8599853515625,-0.05,675.22,675.489990234375,-0.04,0.02,0.02,0.5354,0,42.5,0,0,0,0,0,none,none,not_applicable,v1.3.1-shadow,v1.3.1-shadow,none,none,none,,,,,,0,40,intraday,initial_stop_or_d40_close,2026-07-29,
v1.3.3,data,ok,,,99,processed,,422711045.53,EA,208.8699951171875,207.22,203.8,1.65,203.8,209.41,consolidate,🔥 靈魂吸籌(觀察標記) | 📈 季營收成長+10%(+11.9%),1,2.65,1,1,2.65,2.65,1,0,0,0,0,0,0,2.5,🎯 甜點價,203.8,206.93,199.47,0.75,0.4,up,0.81,0.1187,0.13,available,209.15,2026-07-29T08:29:50-04:00,208.8699951171875,2026-07-28,signal_bar_close_auto_adjusted,v1.3.2-signal-bar-close,v1.2.1,legacy-v0,c851a40b8c5a3ad54e47b7224afffe599560d477,8142e595d788ac06,ndx-99-78834e47b659,2026-07-29T09:02:07.293760-04:00,2026-07-28,premarket,0,xnys,legacy_accumulation,none,0,none,,,neutral,18.65999984741211,740.52,740.8599853515625,-0.05,675.22,675.489990234375,-0.04,0.02,0.02,0.5354,0,74.1,0,1,0,0,1,none,none,not_applicable,v1.3.1-shadow,v1.3.1-shadow,none,none,none,,,,,,0,40,intraday,initial_stop_or_d40_close,2026-07-29,
v1.3.3,data,ok,,,99,processed,,3398835550.31,ASML,1582.949951171875,1774.52,1703.17,1.64,1703.17,1821.21,consolidate,🔥 靈魂吸籌(觀察標記) | 📈 季營收成長+10%(+21.2%),1,2.64,1,1,2.64,2.64,1,0,0,0,0,0,0,-7.1,📍 偏離待回 ↓,1661.29,1703.17,1482.44,83.76,5.3,down,1.44,0.2125,-0.66,available,1572.4926,2026-07-29T09:01:16-04:00,1582.949951171875,2026-07-28,signal_bar_close_auto_adjusted,v1.3.2-signal-bar-close,v1.2.1,legacy-v0,c851a40b8c5a3ad54e47b7224afffe599560d477,8142e595d788ac06,ndx-99-78834e47b659,2026-07-29T09:02:07.293760-04:00,2026-07-28,premarket,0,xnys,legacy_accumulation,none,0,none,,,neutral,18.65999984741211,740.52,740.8599853515625,-0.05,675.22,675.489990234375,-0.04,0.02,0.02,0.5354,0,37.0,0,1,0,0,0,none,none,not_applicable,v1.3.1-shadow,v1.3.1-shadow,none,none,none,,,,,,0,40,intraday,initial_stop_or_d40_close,2026-07-29,
v1.3.3,data,ok,,,99,processed,,432326082.23,ADSK,237.3800048828125,210.9,220.33,1.59,220.33,243.25,consolidate,🔥 靈魂吸籌(觀察標記) | 📈 季營收成長+10%(+18.4%),1,2.59,1,1,2.59,2.59,1,0,0,0,0,0,0,7.7,📍 偏離待回 ↑,224.92,234.09,218.17,9.17,3.9,up,1.86,0.1843,-0.37,available,236.5,2026-07-29T08:45:20-04:00,237.3800048828125,2026-07-28,signal_bar_close_auto_adjusted,v1.3.2-signal-bar-close,v1.2.1,legacy-v0,c851a40b8c5a3ad54e47b7224afffe599560d477,8142e595d788ac06,ndx-99-78834e47b659,2026-07-29T09:02:07.293760-04:00,2026-07-28,premarket,0,xnys,legacy_accumulation,none,0,none,,,neutral,18.65999984741211,740.52,740.8599853515625,-0.05,675.22,675.489990234375,-0.04,0.02,0.02,0.5354,0,67.2,0,1,0,0,1,none,none,not_applicable,v1.3.1-shadow,v1.3.1-shadow,none,none,none,,,,,,0,40,intraday,initial_stop_or_d40_close,2026-07-29,
v1.3.3,data,ok,,,99,processed,,2804567434.19,KLAC,190.8000030517578,225.4,214.31,1.51,214.31,225.4,transition_low,"🔥 靈魂吸籌(觀察標記) | 📈 季營收成長+10%(+11.5%) | 🚨 盤前極端跳空 -9.2%(多為財報/事件,謹慎)",1,2.51,1,1,2.51,2.51,1,0,0,0,0,0,0,-11.0,📍 偏離待回 ↓,206.02,214.31,170.91,16.57,8.7,down,1.42,0.1149,-9.22,available,173.21,2026-07-29T09:01:18-04:00,190.8000030517578,2026-07-28,signal_bar_close_auto_adjusted,v1.3.2-signal-bar-close,v1.2.1,legacy-v0,c851a40b8c5a3ad54e47b7224afffe599560d477,8142e595d788ac06,ndx-99-78834e47b659,2026-07-29T09:02:07.293760-04:00,2026-07-28,premarket,0,xnys,legacy_accumulation,none,0,none,,,neutral,18.65999984741211,740.52,740.8599853515625,-0.05,675.22,675.489990234375,-0.04,0.02,0.02,0.5354,0,37.7,0,0,0,0,0,none,none,not_applicable,v1.3.1-shadow,v1.3.1-shadow,none,none,none,,,,,,0,40,intraday,initial_stop_or_d40_close,2026-07-29,
v1.3.3,data,ok,,,99,processed,,3773255787.65,LRCX,269.6099853515625,333.45,328.85,1.48,328.85,333.45,transition_low,🔥 靈魂吸籌(觀察標記) | 📈 季營收成長+10%(+23.8%) | ⚡ 盤前跳空⬇️ -2.8%,1,2.48,1,1,2.48,2.48,1,0,0,0,0,0,0,-18.0,⚠️ 已偏離,0.0,0.0,231.37,25.49,9.5,down,2.32,0.2376,-2.82,available,262.0,2026-07-29T09:01:18-04:00,269.6099853515625,2026-07-28,signal_bar_close_auto_adjusted,v1.3.2-signal-bar-close,v1.2.1,legacy-v0,c851a40b8c5a3ad54e47b7224afffe599560d477,8142e595d788ac06,ndx-99-78834e47b659,2026-07-29T09:02:07.293760-04:00,2026-07-28,premarket,0,xnys,legacy_accumulation,none,0,none,,,neutral,18.65999984741211,740.52,740.8599853515625,-0.05,675.22,675.489990234375,-0.04,0.02,0.02,0.5354,0,34.0,0,0,0,0,0,none,none,not_applicable,v1.3.1-shadow,v1.3.1-shadow,none,none,none,,,,,,0,40,intraday,initial_stop_or_d40_close,2026-07-29,
v1.3.3,data,ok,,,99,processed,,335904213.81,PAYX,118.87000274658205,108.78,99.75,1.4,99.75,119.96,transition_high,🔎 觀望 | 📈 季營收成長+10%(+12.5%),1,2.4,1,1,2.4,2.4,1,0,0,0,0,0,0,19.2,⚠️ 已偏離,0.0,0.0,113.64,3.49,2.9,up,5.48,0.1249,-0.07,available,118.79,2026-07-29T08:32:20-04:00,118.87000274658205,2026-07-28,signal_bar_close_auto_adjusted,v1.3.2-signal-bar-close,v1.2.1,legacy-v0,c851a40b8c5a3ad54e47b7224afffe599560d477,8142e595d788ac06,ndx-99-78834e47b659,2026-07-29T09:02:07.293760-04:00,2026-07-28,premarket,0,xnys,none,none,0,none,,,neutral,18.65999984741211,740.52,740.8599853515625,-0.05,675.22,675.489990234375,-0.04,0.02,0.02,0.5354,0,73.0,0,0,0,0,1,none,none,not_applicable,v1.3.1-shadow,v1.3.1-shadow,none,none,none,,,,,,0,40,intraday,initial_stop_or_d40_close,2026-07-29,
v1.3.3,data,ok,,,99,processed,,2284583229.66,TXN,277.07000732421875,293.94,298.29,1.38,298.29,296.25,consolidate,🔥 靈魂吸籌(觀察標記) | 📈 季營收成長+10%(+18.6%),1,2.38,1,1,2.38,2.38,1,0,0,0,0,0,0,-7.1,📍 偏離待回 ↓,291.75,298.29,261.37,13.09,4.7,down,1.62,0.1858,0.76,available,279.1803,2026-07-29T08:57:01-04:00,277.07000732421875,2026-07-28,signal_bar_close_auto_adjusted,v1.3.2-signal-bar-close,v1.2.1,legacy-v0,c851a40b8c5a3ad54e47b7224afffe599560d477,8142e595d788ac06,ndx-99-78834e47b659,2026-07-29T09:02:07.293760-04:00,2026-07-28,premarket,0,xnys,legacy_accumulation,none,0,none,,,neutral,18.65999984741211,740.52,740.8599853515625,-0.05,675.22,675.489990234375,-0.04,0.02,0.02,0.5354,0,40.9,0,1,0,0,0,none,none,not_applicable,v1.3.1-shadow,v1.3.1-shadow,none,none,none,,,,,,0,40,intraday,initial_stop_or_d40_close,2026-07-29,
v1.3.3,data,ok,,,99,processed,,567395887.68,WDAY,159.69000244140625,139.64,132.48,1.38,132.48,160.55,transition_high,🔎 觀望 | 📈 季營收成長+10%(+13.5%),1,2.38,1,1,2.38,2.38,1,0,0,0,0,0,0,20.5,⚠️ 已偏離,0.0,0.0,146.34,8.9,5.6,up,3.06,0.1348,0.37,available,160.28,2026-07-29T09:01:17-04:00,159.69000244140625,2026-07-28,signal_bar_close_auto_adjusted,v1.3.2-signal-bar-close,v1.2.1,legacy-v0,c851a40b8c5a3ad54e47b7224afffe599560d477,8142e595d788ac06,ndx-99-78834e47b659,2026-07-29T09:02:07.293760-04:00,2026-07-28,premarket,0,xnys,none,none,0,none,,,neutral,18.65999984741211,740.52,740.8599853515625,-0.05,675.22,675.489990234375,-0.04,0.02,0.02,0.5354,0,65.5,0,0,0,0,1,none,none,not_applicable,v1.3.1-shadow,v1.3.1-shadow,none,none,none,,,,,,0,40,intraday,initial_stop_or_d40_close,2026-07-29,
v1.3.3,data,ok,,,99,processed,,367744000.25,FAST,48.09999847412109,46.43,45.4,1.35,45.4,49.17,consolidate,🔥 靈魂吸籌(觀察標記) | 📈 季營收成長+10%(+14.7%),1,2.35,1,1,2.35,2.35,1,0,0,0,0,0,0,5.9,📍 偏離待回 ↑,46.1,47.51,44.72,1.4,2.9,up,1.92,0.1474,0.04,available,48.12,2026-07-29T08:58:33-04:00,48.09999847412109,2026-07-28,signal_bar_close_auto_adjusted,v1.3.2-signal-bar-close,v1.2.1,legacy-v0,c851a40b8c5a3ad54e47b7224afffe599560d477,8142e595d788ac06,ndx-99-78834e47b659,2026-07-29T09:02:07.293760-04:00,2026-07-28,premarket,0,xnys,legacy_accumulation,none,0,none,,,neutral,18.65999984741211,740.52,740.8599853515625,-0.05,675.22,675.489990234375,-0.04,0.02,0.02,0.5354,0,61.7,0,1,0,0,1,none,none,not_applicable,v1.3.1-shadow,v1.3.1-shadow,none,none,none,,,,,,0,40,intraday,initial_stop_or_d40_close,2026-07-29,
v1.3.3,data,ok,,,99,processed,,1145324512.45,MPWR,1282.010009765625,1338.21,1480.1,1.34,1480.1,1419.92,transition_low,🔥 靈魂吸籌(觀察標記) | 📈 季營收成長+10%(+26.1%),1,2.34,1,1,2.34,2.34,1,0,0,0,0,0,0,-13.4,⚠️ 已偏離,0.0,0.0,1160.14,81.25,6.3,down,2.44,0.2614,-0.0,available,1282.01,2026-07-29T08:49:48-04:00,1282.010009765625,2026-07-28,signal_bar_close_auto_adjusted,v1.3.2-signal-bar-close,v1.2.1,legacy-v0,c851a40b8c5a3ad54e47b7224afffe599560d477,8142e595d788ac06,ndx-99-78834e47b659,2026-07-29T09:02:07.293760-04:00,2026-07-28,premarket,0,xnys,legacy_accumulation,none,0,none,,,neutral,18.65999984741211,740.52,740.8599853515625,-0.05,675.22,675.489990234375,-0.04,0.02,0.02,0.5354,0,41.8,0,0,0,0,0,none,none,not_applicable,v1.3.1-shadow,v1.3.1-shadow,none,none,none,,,,,,0,40,intraday,initial_stop_or_d40_close,2026-07-29,
v1.3.3,data,ok,,,99,processed,,1176151640.34,ADBE,249.17999267578125,224.78,231.56,1.31,231.56,254.06,consolidate,🔥 靈魂吸籌(觀察標記) | 📈 季營收成長+10%(+12.7%),1,2.31,1,1,2.31,2.31,1,0,0,0,0,0,0,7.6,📍 偏離待回 ↑,237.1,248.18,235.89,11.08,4.4,up,1.59,0.1269,0.01,available,249.2101,2026-07-29T08:59:41-04:00,249.17999267578125,2026-07-28,signal_bar_close_auto_adjusted,v1.3.2-signal-bar-close,v1.2.1,legacy-v0,c851a40b8c5a3ad54e47b7224afffe599560d477,8142e595d788ac06,ndx-99-78834e47b659,2026-07-29T09:02:07.293760-04:00,2026-07-28,premarket,0,xnys,legacy_accumulation,none,0,none,,,neutral,18.65999984741211,740.52,740.8599853515625,-0.05,675.22,675.489990234375,-0.04,0.02,0.02,0.5354,0,63.4,0,1,0,0,1,none,none,not_applicable,v1.3.1-shadow,v1.3.1-shadow,none,none,none,,,,,,0,40,intraday,initial_stop_or_d40_close,2026-07-29,
v1.3.3,data,ok,,,99,processed,,11839056353.36,INTC,86.30000305175781,106.69,114.04,1.31,114.04,106.85,low,🔥 靈魂吸籌(觀察標記) | 📈 季營收成長+10%(+25.4%),1,2.31,1,1,2.31,2.31,1,0,0,0,0,0,0,-24.3,⚠️ 已偏離,0.0,0.0,74.18,8.08,9.4,down,3.43,0.2542,0.7,available,86.9,2026-07-29T09:01:28-04:00,86.30000305175781,2026-07-28,signal_bar_close_auto_adjusted,v1.3.2-signal-bar-close,v1.2.1,legacy-v0,c851a40b8c5a3ad54e47b7224afffe599560d477,8142e595d788ac06,ndx-99-78834e47b659,2026-07-29T09:02:07.293760-04:00,2026-07-28,premarket,0,xnys,legacy_accumulation,none,0,none,,,neutral,18.65999984741211,740.52,740.8599853515625,-0.05,675.22,675.489990234375,-0.04,0.02,0.02,0.5354,0,33.8,0,0,0,0,0,none,none,not_applicable,v1.3.1-shadow,v1.3.1-shadow,none,none,none,,,,,,0,40,intraday,initial_stop_or_d40_close,2026-07-29,
v1.3.3,data,ok,,,99,processed,,2201701096.21,COST,966.5800170898438,934.47,973.27,1.25,973.27,987.55,consolidate,🔥 靈魂吸籌(觀察標記) | 📈 季營收成長+10%(+11.6%),1,2.25,1,1,2.25,2.25,1,0,0,0,0,0,0,-0.7,🎯 甜點價,973.27,983.48,935.95,20.42,2.1,down,0.33,0.1158,0.28,available,969.3,2026-07-29T09:01:24-04:00,966.5800170898438,2026-07-28,signal_bar_close_auto_adjusted,v1.3.2-signal-bar-close,v1.2.1,legacy-v0,c851a40b8c5a3ad54e47b7224afffe599560d477,8142e595d788ac06,ndx-99-78834e47b659,2026-07-29T09:02:07.293760-04:00,2026-07-28,premarket,0,xnys,legacy_accumulation,none,0,none,,,neutral,18.65999984741211,740.52,740.8599853515625,-0.05,675.22,675.489990234375,-0.04,0.02,0.02,0.5354,0,58.4,0,1,0,0,1,none,none,not_applicable,v1.3.1-shadow,v1.3.1-shadow,none,none,none,,,,,,0,40,intraday,initial_stop_or_d40_close,2026-07-29,
v1.3.3,data,ok,,,99,processed,,494482321.34,MNST,97.73999786376952,96.51,90.94,1.22,90.94,99.17,consolidate,🔥 靈魂吸籌(觀察標記) | 📈 季營收成長+10%(+26.9%),1,2.22,1,1,2.22,2.22,1,0,0,0,0,0,0,7.5,⚠️ 已偏離,0.0,0.0,94.47,2.18,2.2,up,3.12,0.2689,-0.69,available,97.0697,2026-07-29T08:58:01-04:00,97.73999786376952,2026-07-28,signal_bar_close_auto_adjusted,v1.3.2-signal-bar-close,v1.2.1,legacy-v0,c851a40b8c5a3ad54e47b7224afffe599560d477,8142e595d788ac06,ndx-99-78834e47b659,2026-07-29T09:02:07.293760-04:00,2026-07-28,premarket,0,xnys,legacy_accumulation,none,0,none,,,neutral,18.65999984741211,740.52,740.8599853515625,-0.05,675.22,675.489990234375,-0.04,0.02,0.02,0.5354,0,58.1,0,1,0,0,1,none,none,not_applicable,v1.3.1-shadow,v1.3.1-shadow,none,none,none,,,,,,0,40,intraday,initial_stop_or_d40_close,2026-07-29,
v1.3.3,data,ok,,,99,processed,,624039667.8,CSX,50.84000015258789,49.94,47.33,1.19,47.33,53.6,consolidate,🔎 觀望 | 📈 季營收成長+10%(+10.1%),1,2.19,1,1,2.19,2.19,1,0,0,0,0,0,0,7.4,⚠️ 已偏離,0.0,0.0,49.09,1.17,2.3,up,3.01,0.101,0.95,available,51.322,2026-07-29T08:52:57-04:00,50.84000015258789,2026-07-28,signal_bar_close_auto_adjusted,v1.3.2-signal-bar-close,v1.2.1,legacy-v0,c851a40b8c5a3ad54e47b7224afffe599560d477,8142e595d788ac06,ndx-99-78834e47b659,2026-07-29T09:02:07.293760-04:00,2026-07-28,premarket,0,xnys,none,none,0,none,,,neutral,18.65999984741211,740.52,740.8599853515625,-0.05,675.22,675.489990234375,-0.04,0.02,0.02,0.5354,0,57.6,0,1,0,0,1,none,none,not_applicable,v1.3.1-shadow,v1.3.1-shadow,none,none,none,,,,,,0,40,intraday,initial_stop_or_d40_close,2026-07-29,
v1.3.3,data,ok,,,99,processed,,4520504122.83,AMAT,476.4599914550781,573.18,520.02,1.18,520.02,576.49,transition_low,🔎 觀望 | 📈 季營收成長+10%(+11.4%) | ⚡ 盤前跳空⬇️ -3.0%,1,2.18,1,1,2.18,2.18,1,0,0,0,0,0,0,-8.4,🎯 甜點價,520.02,542.0,410.52,43.96,9.2,down,0.99,0.1141,-2.99,available,462.2,2026-07-29T09:01:24-04:00,476.4599914550781,2026-07-28,signal_bar_close_auto_adjusted,v1.3.2-signal-bar-close,v1.2.1,legacy-v0,c851a40b8c5a3ad54e47b7224afffe599560d477,8142e595d788ac06,ndx-99-78834e47b659,2026-07-29T09:02:07.293760-04:00,2026-07-28,premarket,0,xnys,none,none,0,none,,,neutral,18.65999984741211,740.52,740.8599853515625,-0.05,675.22,675.489990234375,-0.04,0.02,0.02,0.5354,0,37.8,0,0,0,0,0,none,none,not_applicable,v1.3.1-shadow,v1.3.1-shadow,none,none,none,,,,,,0,40,intraday,initial_stop_or_d40_close,2026-07-29,
v1.3.3,data,ok,,,99,processed,,506734828.3,ROST,251.02999877929688,226.66,225.92,1.13,225.92,252.09,transition_high,🔎 觀望 | 📈 季營收成長+10%(+20.6%),1,2.13,1,1,2.13,2.13,1,0,0,0,0,0,0,11.1,⚠️ 已偏離,0.0,0.0,242.54,5.66,2.3,up,4.44,0.2057,0.05,available,251.15,2026-07-29T08:55:14-04:00,251.02999877929688,2026-07-28,signal_bar_close_auto_adjusted,v1.3.2-signal-bar-close,v1.2.1,legacy-v0,c851a40b8c5a3ad54e47b7224afffe599560d477,8142e595d788ac06,ndx-99-78834e47b659,2026-07-29T09:02:07.293760-04:00,2026-07-28,premarket,0,xnys,none,none,0,none,,,neutral,18.65999984741211,740.52,740.8599853515625,-0.05,675.22,675.489990234375,-0.04,0.02,0.02,0.5354,0,71.2,0,0,0,0,1,none,none,not_applicable,v1.3.1-shadow,v1.3.1-shadow,none,none,none,,,,,,0,40,intraday,initial_stop_or_d40_close,2026-07-29,
v1.3.3,data,ok,,,99,processed,,464438386.09,REGN,695.1799926757812,661.6,650.99,1.07,650.99,696.74,consolidate,🔎 觀望 | 📈 季營收成長+10%(+19.0%),1,2.0700000000000003,1,1,2.0700000000000003,2.0700000000000003,1,0,0,0,0,0,0,6.8,⚠️ 已偏離,0.0,0.0,667.57,18.4,2.6,up,2.4,0.1904,-0.16,available,694.1,2026-07-29T08:58:01-04:00,695.1799926757812,2026-07-28,signal_bar_close_auto_adjusted,v1.3.2-signal-bar-close,v1.2.1,legacy-v0,c851a40b8c5a3ad54e47b7224afffe599560d477,8142e595d788ac06,ndx-99-78834e47b659,2026-07-29T09:02:07.293760-04:00,2026-07-28,premarket,0,xnys,none,none,0,none,,,neutral,18.65999984741211,740.52,740.8599853515625,-0.05,675.22,675.489990234375,-0.04,0.02,0.02,0.5354,0,65.0,0,1,0,0,1,none,none,not_applicable,v1.3.1-shadow,v1.3.1-shadow,none,none,none,,,,,,0,40,intraday,initial_stop_or_d40_close,2026-07-29,
v1.3.3,data,ok,,,99,processed,,3177338960.28,NFLX,72.38999938964844,72.54,79.76,1.05,79.76,73.76,transition_low,🔎 觀望 | 📈 季營收成長+10%(+13.4%),1,2.05,1,1,2.05,2.05,1,0,0,0,0,0,0,-9.2,⚠️ 已偏離,0.0,0.0,68.46,2.62,3.6,down,2.81,0.1337,0.21,available,72.5396,2026-07-29T09:01:17-04:00,72.38999938964844,2026-07-28,signal_bar_close_auto_adjusted,v1.3.2-signal-bar-close,v1.2.1,legacy-v0,c851a40b8c5a3ad54e47b7224afffe599560d477,8142e595d788ac06,ndx-99-78834e47b659,2026-07-29T09:02:07.293760-04:00,2026-07-28,premarket,0,xnys,none,none,0,none,,,neutral,18.65999984741211,740.52,740.8599853515625,-0.05,675.22,675.489990234375,-0.04,0.02,0.02,0.5354,0,46.4,0,0,0,0,0,none,none,not_applicable,v1.3.1-shadow,v1.3.1-shadow,none,none,none,,,,,,0,40,intraday,initial_stop_or_d40_close,2026-07-29,
v1.3.3,data,ok,,,99,processed,,15516424457.51,AAPL,340.0799865722656,319.96,304.73,1.04,304.73,342.89,consolidate,🔎 觀望 | 📈 季營收成長+10%(+16.6%),1,2.04,1,1,2.04,2.04,1,0,0,0,0,0,0,11.6,⚠️ 已偏離,0.0,0.0,327.93,8.1,2.4,up,4.36,0.166,-0.32,available,339.0,2026-07-29T09:01:35-04:00,340.0799865722656,2026-07-28,signal_bar_close_auto_adjusted,v1.3.2-signal-bar-close,v1.2.1,legacy-v0,c851a40b8c5a3ad54e47b7224afffe599560d477,8142e595d788ac06,ndx-99-78834e47b659,2026-07-29T09:02:07.293760-04:00,2026-07-28,premarket,0,xnys,none,none,0,none,,,neutral,18.65999984741211,740.52,740.8599853515625,-0.05,675.22,675.489990234375,-0.04,0.02,0.02,0.5354,0,68.9,0,0,0,0,1,none,none,not_applicable,v1.3.1-shadow,v1.3.1-shadow,none,none,none,,,,,,0,40,intraday,initial_stop_or_d40_close,2026-07-29,
v1.3.3,data,ok,,,99,processed,,961442035.82,BKNG,199.30999755859372,180.47,170.82,0.99,170.82,199.98,transition_high,🔎 觀望 | 📈 季營收成長+10%(+16.2%),1,1.99,1,1,1.99,1.99,1,0,0,0,0,0,0,16.7,⚠️ 已偏離,0.0,0.0,188.98,6.89,3.5,up,4.14,0.1617,-0.99,available,197.34,2026-07-29T09:01:12-04:00,199.30999755859372,2026-07-28,signal_bar_close_auto_adjusted,v1.3.2-signal-bar-close,v1.2.1,legacy-v0,c851a40b8c5a3ad54e47b7224afffe599560d477,8142e595d788ac06,ndx-99-78834e47b659,2026-07-29T09:02:07.293760-04:00,2026-07-28,premarket,0,xnys,none,none,0,none,,,neutral,18.65999984741211,740.52,740.8599853515625,-0.05,675.22,675.489990234375,-0.04,0.02,0.02,0.5354,0,68.5,0,0,0,0,1,none,none,not_applicable,v1.3.1-shadow,v1.3.1-shadow,none,none,none,,,,,,0,40,intraday,initial_stop_or_d40_close,2026-07-29,
v1.3.3,data,ok,,,99,processed,,310970252.8,ROP,390.9200134277344,358.46,340.75,0.96,340.75,401.24,transition_high,🔎 觀望 | 📈 季營收成長+10%(+11.3%),1,1.96,1,1,1.96,1.96,1,0,0,0,0,0,0,14.7,⚠️ 已偏離,0.0,0.0,369.56,14.24,3.6,up,3.52,0.1129,0.03,available,391.03,2026-07-29T08:48:18-04:00,390.9200134277344,2026-07-28,signal_bar_close_auto_adjusted,v1.3.2-signal-bar-close,v1.2.1,legacy-v0,c851a40b8c5a3ad54e47b7224afffe599560d477,8142e595d788ac06,ndx-99-78834e47b659,2026-07-29T09:02:07.293760-04:00,2026-07-28,premarket,0,xnys,none,none,0,none,,,neutral,18.65999984741211,740.52,740.8599853515625,-0.05,675.22,675.489990234375,-0.04,0.02,0.02,0.5354,0,68.0,0,0,0,0,1,none,none,not_applicable,v1.3.1-shadow,v1.3.1-shadow,none,none,none,,,,,,0,40,intraday,initial_stop_or_d40_close,2026-07-29,
v1.3.3,data,ok,,,99,processed,,750106482.9,FTNT,149.97999572753906,158.1,140.62,0.95,140.62,159.0,consolidate,🔎 觀望 | 📈 季營收成長+10%(+20.1%),1,1.95,1,1,1.95,1.95,1,0,0,0,0,0,0,6.7,📍 偏離待回 ↑,143.86,150.34,142.21,6.48,4.3,up,1.44,0.2013,0.51,available,150.75,2026-07-29T09:00:16-04:00,149.97999572753906,2026-07-28,signal_bar_close_auto_adjusted,v1.3.2-signal-bar-close,v1.2.1,legacy-v0,c851a40b8c5a3ad54e47b7224afffe599560d477,8142e595d788ac06,ndx-99-78834e47b659,2026-07-29T09:02:07.293760-04:00,2026-07-28,premarket,0,xnys,none,none,0,none,,,neutral,18.65999984741211,740.52,740.8599853515625,-0.05,675.22,675.489990234375,-0.04,0.02,0.02,0.5354,0,45.7,0,1,0,0,1,none,none,not_applicable,v1.3.1-shadow,v1.3.1-shadow,none,none,none,,,,,,0,40,intraday,initial_stop_or_d40_close,2026-07-29,
v1.3.3,data,ok,,,99,processed,,506292188.96,AEP,133.02000427246094,134.45,131.6,0.94,131.6,136.57,consolidate,🔎 觀望 | 📈 季營收成長+10%(+10.2%),1,1.94,1,1,1.94,1.94,1,0,0,0,0,0,0,1.1,🎯 甜點價,131.6,132.95,128.96,2.7,2.0,up,0.53,0.102,1.53,available,135.05,2026-07-29T09:00:08-04:00,133.02000427246094,2026-07-28,signal_bar_close_auto_adjusted,v1.3.2-signal-bar-close,v1.2.1,legacy-v0,c851a40b8c5a3ad54e47b7224afffe599560d477,8142e595d788ac06,ndx-99-78834e47b659,2026-07-29T09:02:07.293760-04:00,2026-07-28,premarket,0,xnys,none,none,0,none,,,neutral,18.65999984741211,740.52,740.8599853515625,-0.05,675.22,675.489990234375,-0.04,0.02,0.02,0.5354,0,49.0,0,1,0,0,1,none,none,not_applicable,v1.3.1-shadow,v1.3.1-shadow,none,none,none,,,,,,0,40,intraday,initial_stop_or_d40_close,2026-07-29,
v1.3.3,data,ok,,,99,processed,,9503022589.33,GOOGL,333.7099914550781,350.65,367.0,0.9,367.0,350.65,transition_low,🔎 觀望 | 📈 季營收成長+10%(+24.2%),1,1.9,1,1,1.9,1.9,1,0,0,0,0,0,0,-9.1,⚠️ 已偏離,0.0,0.0,316.88,11.22,3.4,down,2.97,0.2423,0.68,available,335.99,2026-07-29T09:01:38-04:00,333.7099914550781,2026-07-28,signal_bar_close_auto_adjusted,v1.3.2-signal-bar-close,v1.2.1,legacy-v0,c851a40b8c5a3ad54e47b7224afffe599560d477,8142e595d788ac06,ndx-99-78834e47b659,2026-07-29T09:02:07.293760-04:00,2026-07-28,premarket,0,xnys,none,none,0,none,,,neutral,18.65999984741211,740.52,740.8599853515625,-0.05,675.22,675.489990234375,-0.04,0.02,0.02,0.5354,0,41.7,0,0,0,0,0,none,none,not_applicable,v1.3.1-shadow,v1.3.1-shadow,none,none,none,,,,,,0,40,intraday,initial_stop_or_d40_close,2026-07-29,
v1.3.3,data,ok,,,99,processed,,5350265092.13,MRVL,174.47000122070312,220.49,227.56,0.89,227.56,220.49,low,🔎 觀望 | 📈 季營收成長+10%(+27.6%),1,1.89,1,1,1.89,1.89,1,0,0,0,0,0,0,-23.3,⚠️ 已偏離,0.0,0.0,147.06,18.28,10.5,down,2.9,0.2757,-0.79,available,173.09,2026-07-29T09:01:28-04:00,174.47000122070312,2026-07-28,signal_bar_close_auto_adjusted,v1.3.2-signal-bar-close,v1.2.1,legacy-v0,c851a40b8c5a3ad54e47b7224afffe599560d477,8142e595d788ac06,ndx-99-78834e47b659,2026-07-29T09:02:07.293760-04:00,2026-07-28,premarket,0,xnys,none,none,0,none,,,neutral,18.65999984741211,740.52,740.8599853515625,-0.05,675.22,675.489990234375,-0.04,0.02,0.02,0.5354,0,34.3,0,0,0,0,0,none,none,not_applicable,v1.3.1-shadow,v1.3.1-shadow,none,none,none,,,,,,0,40,intraday,initial_stop_or_d40_close,2026-07-29,
v1.3.3,data,ok,,,99,processed,,9593658249.45,AMZN,230.8600006103516,243.31,251.52,0.88,251.52,248.45,transition_low,🔎 觀望 | 📈 季營收成長+10%(+16.6%),1,1.88,1,1,1.88,1.88,1,0,0,0,0,0,0,-8.2,⚠️ 已偏離,0.0,0.0,221.01,6.57,2.8,down,3.15,0.1661,-0.12,available,230.58,2026-07-29T09:01:39-04:00,230.8600006103516,2026-07-28,signal_bar_close_auto_adjusted,v1.3.2-signal-bar-close,v1.2.1,legacy-v0,c851a40b8c5a3ad54e47b7224afffe599560d477,8142e595d788ac06,ndx-99-78834e47b659,2026-07-29T09:02:07.293760-04:00,2026-07-28,premarket,0,xnys,none,none,0,none,,,neutral,18.65999984741211,740.52,740.8599853515625,-0.05,675.22,675.489990234375,-0.04,0.02,0.02,0.5354,0,36.5,0,0,0,0,0,none,none,not_applicable,v1.3.1-shadow,v1.3.1-shadow,none,none,none,,,,,,0,40,intraday,initial_stop_or_d40_close,2026-07-29,
v1.3.3,data,ok,,,99,processed,,11486839614.58,MSFT,393.3500061035156,388.94,400.64,0.87,400.64,401.0,consolidate,🔎 觀望 | 📈 季營收成長+10%(+18.3%),1,1.87,1,1,1.87,1.87,1,0,0,0,0,0,0,-1.8,🎯 甜點價,400.64,406.22,376.62,11.15,2.8,down,0.65,0.183,0.37,available,394.8,2026-07-29T09:01:39-04:00,393.3500061035156,2026-07-28,signal_bar_close_auto_adjusted,v1.3.2-signal-bar-close,v1.2.1,legacy-v0,c851a40b8c5a3ad54e47b7224afffe599560d477,8142e595d788ac06,ndx-99-78834e47b659,2026-07-29T09:02:07.293760-04:00,2026-07-28,premarket,0,xnys,none,none,0,none,,,neutral,18.65999984741211,740.52,740.8599853515625,-0.05,675.22,675.489990234375,-0.04,0.02,0.02,0.5354,0,51.8,0,1,0,0,1,none,none,not_applicable,v1.3.1-shadow,v1.3.1-shadow,none,none,none,,,,,,0,40,intraday,initial_stop_or_d40_close,2026-07-29,
v1.3.3,data,ok,,,99,processed,,299654978.48,DXCM,74.8499984741211,73.27,70.28,0.81,70.28,76.09,consolidate,🔎 觀望 | 📈 季營收成長+10%(+15.0%),1,1.81,1,1,1.81,1.81,1,0,0,0,0,0,0,6.5,📍 偏離待回 ↑,71.63,74.32,71.62,2.69,3.6,up,1.7,0.1505,0.01,available,74.86,2026-07-29T08:02:46-04:00,74.8499984741211,2026-07-28,signal_bar_close_auto_adjusted,v1.3.2-signal-bar-close,v1.2.1,legacy-v0,c851a40b8c5a3ad54e47b7224afffe599560d477,8142e595d788ac06,ndx-99-78834e47b659,2026-07-29T09:02:07.293760-04:00,2026-07-28,premarket,0,xnys,none,none,0,none,,,neutral,18.65999984741211,740.52,740.8599853515625,-0.05,675.22,675.489990234375,-0.04,0.02,0.02,0.5354,0,54.8,0,1,0,0,1,none,none,not_applicable,v1.3.1-shadow,v1.3.1-shadow,none,none,none,,,,,,0,40,intraday,initial_stop_or_d40_close,2026-07-29,
v1.3.3,data,ok,,,99,processed,,333320857.3,IDXX,569.5399780273438,555.55,555.35,0.76,555.35,578.55,consolidate,🔎 觀望 | 📈 季營收成長+10%(+14.3%),1,1.76,1,1,1.76,1.76,1,0,0,0,0,0,0,2.6,🎯 甜點價,555.35,564.27,542.79,17.83,3.1,up,0.8,0.1426,0.03,available,569.7,2026-07-29T08:42:09-04:00,569.5399780273438,2026-07-28,signal_bar_close_auto_adjusted,v1.3.2-signal-bar-close,v1.2.1,legacy-v0,c851a40b8c5a3ad54e47b7224afffe599560d477,8142e595d788ac06,ndx-99-78834e47b659,2026-07-29T09:02:07.293760-04:00,2026-07-28,premarket,0,xnys,none,none,0,none,,,neutral,18.65999984741211,740.52,740.8599853515625,-0.05,675.22,675.489990234375,-0.04,0.02,0.02,0.5354,0,55.4,0,1,0,0,1,none,none,not_applicable,v1.3.1-shadow,v1.3.1-shadow,none,none,none,,,,,,0,40,intraday,initial_stop_or_d40_close,2026-07-29,
v1.3.3,data,ok,,,99,processed,,13480091568.82,TSLA,307.44000244140625,379.98,400.58,0.71,400.58,380.17,low,🔎 觀望 | 📈 季營收成長+10%(+25.5%),1,1.71,1,1,1.71,1.71,1,0,0,0,0,0,0,-23.3,⚠️ 已偏離,0.0,0.0,280.19,18.17,5.9,down,5.13,0.2552,-0.04,available,307.32,2026-07-29T09:01:42-04:00,307.44000244140625,2026-07-28,signal_bar_close_auto_adjusted,v1.3.2-signal-bar-close,v1.2.1,legacy-v0,c851a40b8c5a3ad54e47b7224afffe599560d477,8142e595d788ac06,ndx-99-78834e47b659,2026-07-29T09:02:07.293760-04:00,2026-07-28,premarket,0,xnys,none,none,0,none,,,neutral,18.65999984741211,740.52,740.8599853515625,-0.05,675.22,675.489990234375,-0.04,0.02,0.02,0.5354,0,27.0,0,0,1,0,0,none,none,not_applicable,v1.3.1-shadow,v1.3.1-shadow,none,none,none,,,,,,0,40,intraday,initial_stop_or_d40_close,2026-07-29,
v1.3.3,data,ok,,,99,processed,,1642702020.85,ARM,244.7400054931641,293.24,305.52,0.65,305.52,293.24,transition_low,🔎 觀望 | 📈 季營收成長+10%(+20.1%),1,1.65,1,1,1.65,1.65,1,0,0,0,0,0,0,-19.9,⚠️ 已偏離,0.0,0.0,209.15,23.73,9.7,down,2.56,0.2006,-0.96,available,242.4,2026-07-29T09:01:05-04:00,244.7400054931641,2026-07-28,signal_bar_close_auto_adjusted,v1.3.2-signal-bar-close,v1.2.1,legacy-v0,c851a40b8c5a3ad54e47b7224afffe599560d477,8142e595d788ac06,ndx-99-78834e47b659,2026-07-29T09:02:07.293760-04:00,2026-07-28,premarket,0,xnys,none,none,0,none,,,neutral,18.65999984741211,740.52,740.8599853515625,-0.05,675.22,675.489990234375,-0.04,0.02,0.02,0.5354,0,35.9,1,0,0,0,0,none,none,not_applicable,v1.3.1-shadow,v1.3.1-shadow,none,none,none,,,,,,0,40,intraday,initial_stop_or_d40_close,2026-07-29,
v1.3.3,data,ok,,,99,processed,,1595480444.93,MSTR,96.16000366210938,95.88,128.43,0.63,128.43,101.95,low,🔎 觀望 | 📈 季營收成長+10%(+11.9%),1,1.63,1,1,1.63,1.63,1,0,0,0,0,0,0,-25.1,⚠️ 已偏離,0.0,0.0,86.47,6.46,6.7,down,4.99,0.1192,0.55,available,96.69,2026-07-29T09:00:13-04:00,96.16000366210938,2026-07-28,signal_bar_close_auto_adjusted,v1.3.2-signal-bar-close,v1.2.1,legacy-v0,c851a40b8c5a3ad54e47b7224afffe599560d477,8142e595d788ac06,ndx-99-78834e47b659,2026-07-29T09:02:07.293760-04:00,2026-07-28,premarket,0,xnys,none,none,0,none,,,neutral,18.65999984741211,740.52,740.8599853515625,-0.05,675.22,675.489990234375,-0.04,0.02,0.02,0.5354,0,44.4,1,0,0,0,1,none,none,not_applicable,v1.3.1-shadow,v1.3.1-shadow,none,none,none,,,,,,0,40,intraday,initial_stop_or_d40_close,2026-07-29,
v1.3.3,data,ok,,,99,processed,,455398046.65,CTAS,214.8999938964844,191.65,178.35,1.61,178.35,218.64,high,🔎 觀望,0,1.61,0,0,1.61,1.61,0,0,0,0,0,0,0,20.5,⚠️ 已偏離,0.0,0.0,206.07,5.88,2.7,up,6.21,0.089,0.57,available,216.12,2026-07-29T08:42:06-04:00,214.8999938964844,2026-07-28,signal_bar_close_auto_adjusted,v1.3.2-signal-bar-close,v1.2.1,legacy-v0,c851a40b8c5a3ad54e47b7224afffe599560d477,8142e595d788ac06,ndx-99-78834e47b659,2026-07-29T09:02:07.293760-04:00,2026-07-28,premarket,0,xnys,none,none,0,none,,,neutral,18.65999984741211,740.52,740.8599853515625,-0.05,675.22,675.489990234375,-0.04,0.02,0.02,0.5354,0,77.3,0,0,0,0,1,none,none,not_applicable,v1.3.1-shadow,v1.3.1-shadow,none,none,none,,,,,,0,40,intraday,initial_stop_or_d40_close,2026-07-29,
v1.3.3,data,ok,,,99,processed,,1723043865.74,CRWD,181.8000030517578,193.38,170.92,0.59,170.92,193.49,consolidate,🔎 觀望 | 📈 季營收成長+10%(+25.6%),1,1.59,1,1,1.59,1.59,1,0,0,0,0,0,0,6.4,📍 偏離待回 ↑,176.14,186.57,169.28,10.43,5.7,up,1.04,0.2557,0.56,available,182.82,2026-07-29T09:00:06-04:00,181.8000030517578,2026-07-28,signal_bar_close_auto_adjusted,v1.3.2-signal-bar-close,v1.2.1,legacy-v0,c851a40b8c5a3ad54e47b7224afffe599560d477,8142e595d788ac06,ndx-99-78834e47b659,2026-07-29T09:02:07.293760-04:00,2026-07-28,premarket,0,xnys,none,none,0,none,,,neutral,18.65999984741211,740.52,740.8599853515625,-0.05,675.22,675.489990234375,-0.04,0.02,0.02,0.5354,0,46.4,1,1,0,0,1,none,none,not_applicable,v1.3.1-shadow,v1.3.1-shadow,none,none,none,,,,,,0,40,intraday,initial_stop_or_d40_close,2026-07-29,
v1.3.3,data,ok,,,99,processed,,518861554.55,MDLZ,62.47999954223633,59.93,60.65,1.56,60.65,63.54,consolidate,🔥 靈魂吸籌(觀察標記),0,1.56,0,0,1.56,1.56,0,0,0,0,0,0,0,3.0,📍 偏離待回 ↑,61.45,63.05,60.56,1.6,2.6,up,1.14,0.0824,1.47,available,63.3988,2026-07-29T09:01:44-04:00,62.47999954223633,2026-07-28,signal_bar_close_auto_adjusted,v1.3.2-signal-bar-close,v1.2.1,legacy-v0,c851a40b8c5a3ad54e47b7224afffe599560d477,8142e595d788ac06,ndx-99-78834e47b659,2026-07-29T09:02:07.293760-04:00,2026-07-28,premarket,0,xnys,legacy_accumulation,none,0,none,,,neutral,18.65999984741211,740.52,740.8599853515625,-0.05,675.22,675.489990234375,-0.04,0.02,0.02,0.5354,0,59.2,0,1,0,0,1,none,none,not_applicable,v1.3.1-shadow,v1.3.1-shadow,none,none,none,,,,,,0,40,intraday,initial_stop_or_d40_close,2026-07-29,
v1.3.3,data,ok,,,99,processed,,162017711.04,TRI,103.29000091552734,91.43,87.06,1.56,87.06,105.74,transition_high,🔎 觀望,0,1.56,0,0,1.56,1.56,0,0,0,0,0,0,0,18.6,⚠️ 已偏離,0.0,0.0,95.97,4.88,4.7,up,3.33,0.0984,,stale_quote,103.4,2026-07-29T07:02:23-04:00,103.29000091552734,2026-07-28,signal_bar_close_auto_adjusted,v1.3.2-signal-bar-close,v1.2.1,legacy-v0,c851a40b8c5a3ad54e47b7224afffe599560d477,8142e595d788ac06,ndx-99-78834e47b659,2026-07-29T09:02:07.293760-04:00,2026-07-28,premarket,0,xnys,none,none,0,none,,,neutral,18.65999984741211,740.52,740.8599853515625,-0.05,675.22,675.489990234375,-0.04,0.02,0.02,0.5354,0,66.0,0,0,0,0,1,none,none,not_applicable,v1.3.1-shadow,v1.3.1-shadow,none,none,none,,,,,,0,40,intraday,initial_stop_or_d40_close,2026-07-29,
v1.3.3,data,ok,,,99,processed,,387477961.42,CTSH,50.310001373291016,43.62,47.65,1.56,47.65,51.05,consolidate,🔥 靈魂吸籌(觀察標記),0,1.56,0,0,1.56,1.56,0,0,0,0,0,0,0,5.6,📍 偏離待回 ↑,48.7,50.79,47.79,2.1,4.2,up,1.27,0.0583,-1.11,available,49.75,2026-07-29T08:59:52-04:00,50.310001373291016,2026-07-28,signal_bar_close_auto_adjusted,v1.3.2-signal-bar-close,v1.2.1,legacy-v0,c851a40b8c5a3ad54e47b7224afffe599560d477,8142e595d788ac06,ndx-99-78834e47b659,2026-07-29T09:02:07.293760-04:00,2026-07-28,premarket,0,xnys,legacy_accumulation,none,0,none,,,neutral,18.65999984741211,740.52,740.8599853515625,-0.05,675.22,675.489990234375,-0.04,0.02,0.02,0.5354,0,65.8,0,1,0,0,1,none,none,not_applicable,v1.3.1-shadow,v1.3.1-shadow,none,none,none,,,,,,0,40,intraday,initial_stop_or_d40_close,2026-07-29,
v1.3.3,data,ok,,,99,processed,,303595363.44,KHC,27.299999237060547,25.43,23.9,1.39,23.9,27.66,consolidate,🔥 靈魂吸籌(觀察標記),0,1.39,0,0,1.39,1.39,0,0,0,0,0,0,0,14.2,⚠️ 已偏離,0.0,0.0,26.14,0.77,2.8,up,4.41,0.008,-0.15,available,27.26,2026-07-29T09:01:04-04:00,27.299999237060547,2026-07-28,signal_bar_close_auto_adjusted,v1.3.2-signal-bar-close,v1.2.1,legacy-v0,c851a40b8c5a3ad54e47b7224afffe599560d477,8142e595d788ac06,ndx-99-78834e47b659,2026-07-29T09:02:07.293760-04:00,2026-07-28,premarket,0,xnys,legacy_accumulation,none,0,none,,,neutral,18.65999984741211,740.52,740.8599853515625,-0.05,675.22,675.489990234375,-0.04,0.02,0.02,0.5354,0,69.4,0,0,0,0,1,none,none,not_applicable,v1.3.1-shadow,v1.3.1-shadow,none,none,none,,,,,,0,40,intraday,initial_stop_or_d40_close,2026-07-29,
v1.3.3,data,ok,,,99,processed,,1181423567.46,PEP,142.86000061035156,138.65,143.28,1.37,143.28,145.43,consolidate,🔥 靈魂吸籌(觀察標記),0,1.37,0,0,1.37,1.37,0,0,0,0,0,0,0,-0.3,🎯 甜點價,143.28,145.13,137.3,3.7,2.6,down,0.11,0.064,0.45,available,143.5,2026-07-29T09:00:57-04:00,142.86000061035156,2026-07-28,signal_bar_close_auto_adjusted,v1.3.2-signal-bar-close,v1.2.1,legacy-v0,c851a40b8c5a3ad54e47b7224afffe599560d477,8142e595d788ac06,ndx-99-78834e47b659,2026-07-29T09:02:07.293760-04:00,2026-07-28,premarket,0,xnys,legacy_accumulation,none,0,none,,,neutral,18.65999984741211,740.52,740.8599853515625,-0.05,675.22,675.489990234375,-0.04,0.02,0.02,0.5354,0,56.7,0,1,0,0,1,none,none,not_applicable,v1.3.1-shadow,v1.3.1-shadow,none,none,none,,,,,,0,40,intraday,initial_stop_or_d40_close,2026-07-29,
v1.3.3,data,ok,,,99,processed,,543618053.94,BKR,58.459999084472656,56.39,61.09,1.35,61.09,62.67,consolidate,🔥 靈魂吸籌(觀察標記) | ⚡ 盤前跳空⬆️ +2.1%,0,1.35,0,0,1.35,1.35,0,0,0,0,0,0,0,-4.3,📍 偏離待回 ↓,60.07,61.09,56.0,2.05,3.5,down,1.28,0.0249,2.14,available,59.71,2026-07-29T09:01:16-04:00,58.459999084472656,2026-07-28,signal_bar_close_auto_adjusted,v1.3.2-signal-bar-close,v1.2.1,legacy-v0,c851a40b8c5a3ad54e47b7224afffe599560d477,8142e595d788ac06,ndx-99-78834e47b659,2026-07-29T09:02:07.293760-04:00,2026-07-28,premarket,0,xnys,legacy_accumulation,none,0,none,,,neutral,18.65999984741211,740.52,740.8599853515625,-0.05,675.22,675.489990234375,-0.04,0.02,0.02,0.5354,0,52.2,0,1,0,0,1,none,none,not_applicable,v1.3.1-shadow,v1.3.1-shadow,none,none,none,,,,,,0,40,intraday,initial_stop_or_d40_close,2026-07-29,
v1.3.3,data,ok,,,99,processed,,339858892.59,VRSK,212.25999450683597,193.74,181.09,1.35,181.09,215.79,transition_high,🔎 觀望,0,1.35,0,0,1.35,1.35,0,0,0,0,0,0,0,17.2,⚠️ 已偏離,0.0,0.0,201.54,7.14,3.4,up,4.36,0.0393,1.74,available,215.95,2026-07-29T08:54:35-04:00,212.25999450683597,2026-07-28,signal_bar_close_auto_adjusted,v1.3.2-signal-bar-close,v1.2.1,legacy-v0,c851a40b8c5a3ad54e47b7224afffe599560d477,8142e595d788ac06,ndx-99-78834e47b659,2026-07-29T09:02:07.293760-04:00,2026-07-28,premarket,0,xnys,none,none,0,none,,,neutral,18.65999984741211,740.52,740.8599853515625,-0.05,675.22,675.489990234375,-0.04,0.02,0.02,0.5354,0,69.9,0,0,0,0,1,none,none,not_applicable,v1.3.1-shadow,v1.3.1-shadow,none,none,none,,,,,,0,40,intraday,initial_stop_or_d40_close,2026-07-29,
v1.3.3,data,ok,,,99,processed,,812380485.44,AMGN,393.1000061035156,367.62,348.28,1.25,348.28,398.0,consolidate,🔥 靈魂吸籌(觀察標記),0,1.25,0,0,1.25,1.25,0,0,0,0,0,0,0,12.9,⚠️ 已偏離,0.0,0.0,378.26,9.89,2.5,up,4.53,0.0576,0.28,available,394.22,2026-07-29T09:00:40-04:00,393.1000061035156,2026-07-28,signal_bar_close_auto_adjusted,v1.3.2-signal-bar-close,v1.2.1,legacy-v0,c851a40b8c5a3ad54e47b7224afffe599560d477,8142e595d788ac06,ndx-99-78834e47b659,2026-07-29T09:02:07.293760-04:00,2026-07-28,premarket,0,xnys,legacy_accumulation,none,0,none,,,neutral,18.65999984741211,740.52,740.8599853515625,-0.05,675.22,675.489990234375,-0.04,0.02,0.02,0.5354,0,73.4,0,0,0,0,1,none,none,not_applicable,v1.3.1-shadow,v1.3.1-shadow,none,none,none,,,,,,0,40,intraday,initial_stop_or_d40_close,2026-07-29,
v1.3.3,data,ok,,,99,processed,,726614478.02,PYPL,58.31999969482422,50.91,46.24,1.19,46.24,58.8,transition_high,🔎 觀望,0,1.19,0,0,1.19,1.19,0,0,0,0,0,0,0,26.1,⚠️ 已偏離,0.0,0.0,55.43,1.93,3.3,up,6.26,0.0721,-0.88,available,57.8094,2026-07-29T09:01:41-04:00,58.31999969482422,2026-07-28,signal_bar_close_auto_adjusted,v1.3.2-signal-bar-close,v1.2.1,legacy-v0,c851a40b8c5a3ad54e47b7224afffe599560d477,8142e595d788ac06,ndx-99-78834e47b659,2026-07-29T09:02:07.293760-04:00,2026-07-28,premarket,0,xnys,none,none,0,none,,,neutral,18.65999984741211,740.52,740.8599853515625,-0.05,675.22,675.489990234375,-0.04,0.02,0.02,0.5354,0,79.0,0,0,0,0,1,none,none,not_applicable,v1.3.1-shadow,v1.3.1-shadow,none,none,none,,,,,,0,40,intraday,initial_stop_or_d40_close,2026-07-29,
v1.3.3,data,ok,,,99,processed,,706740328.03,VRTX,490.3900146484375,490.76,460.47,1.16,460.47,493.61,consolidate,🔎 觀望,0,1.16,0,0,1.16,1.16,0,0,0,0,0,0,0,6.5,⚠️ 已偏離,0.0,0.0,468.51,14.58,3.0,up,2.05,0.0782,0.36,available,492.14,2026-07-29T09:01:49-04:00,490.3900146484375,2026-07-28,signal_bar_close_auto_adjusted,v1.3.2-signal-bar-close,v1.2.1,legacy-v0,c851a40b8c5a3ad54e47b7224afffe599560d477,8142e595d788ac06,ndx-99-78834e47b659,2026-07-29T09:02:07.293760-04:00,2026-07-28,premarket,0,xnys,none,none,0,none,,,neutral,18.65999984741211,740.52,740.8599853515625,-0.05,675.22,675.489990234375,-0.04,0.02,0.02,0.5354,0,56.9,0,1,0,0,1,none,none,not_applicable,v1.3.1-shadow,v1.3.1-shadow,none,none,none,,,,,,0,40,intraday,initial_stop_or_d40_close,2026-07-29,
v1.3.3,data,ok,,,99,processed,,2314371339.55,WMT,113.0999984741211,112.01,119.14,1.13,119.14,116.03,consolidate,🔎 觀望,0,1.13,0,0,1.13,1.13,0,0,0,0,0,0,0,-5.1,⚠️ 已偏離,0.0,0.0,109.0,2.73,2.4,down,2.21,0.0733,0.46,available,113.62,2026-07-29T09:01:40-04:00,113.0999984741211,2026-07-28,signal_bar_close_auto_adjusted,v1.3.2-signal-bar-close,v1.2.1,legacy-v0,c851a40b8c5a3ad54e47b7224afffe599560d477,8142e595d788ac06,ndx-99-78834e47b659,2026-07-29T09:02:07.293760-04:00,2026-07-28,premarket,0,xnys,none,none,0,none,,,neutral,18.65999984741211,740.52,740.8599853515625,-0.05,675.22,675.489990234375,-0.04,0.02,0.02,0.5354,0,48.6,0,1,0,0,1,none,none,not_applicable,v1.3.1-shadow,v1.3.1-shadow,none,none,none,,,,,,0,40,intraday,initial_stop_or_d40_close,2026-07-29,
v1.3.3,data,ok,,,99,processed,,544141743.29,ADP,264.1700134277344,246.26,228.22,1.12,228.22,268.17,transition_high,🔎 觀望,0,1.12,0,0,1.12,1.12,0,0,0,0,0,0,0,15.8,⚠️ 已偏離,0.0,0.0,252.66,7.68,2.9,up,4.68,0.0695,0.31,available,265.0,2026-07-29T09:01:23-04:00,264.1700134277344,2026-07-28,signal_bar_close_auto_adjusted,v1.3.2-signal-bar-close,v1.2.1,legacy-v0,c851a40b8c5a3ad54e47b7224afffe599560d477,8142e595d788ac06,ndx-99-78834e47b659,2026-07-29T09:02:07.293760-04:00,2026-07-28,premarket,0,xnys,none,none,0,none,,,neutral,18.65999984741211,740.52,740.8599853515625,-0.05,675.22,675.489990234375,-0.04,0.02,0.02,0.5354,0,69.3,0,0,0,0,1,none,none,not_applicable,v1.3.1-shadow,v1.3.1-shadow,none,none,none,,,,,,0,40,intraday,initial_stop_or_d40_close,2026-07-29,
v1.3.3,data,ok,,,99,processed,,423708619.22,EXC,47.310001373291016,46.82,45.78,1.08,45.78,48.49,consolidate,🔎 觀望,0,1.08,0,0,1.08,1.08,0,0,0,0,0,0,0,3.3,📍 偏離待回 ↑,46.29,47.3,46.1,1.01,2.1,up,1.51,0.0786,,stale_quote,48.18,2026-07-29T04:33:51-04:00,47.310001373291016,2026-07-28,signal_bar_close_auto_adjusted,v1.3.2-signal-bar-close,v1.2.1,legacy-v0,c851a40b8c5a3ad54e47b7224afffe599560d477,8142e595d788ac06,ndx-99-78834e47b659,2026-07-29T09:02:07.293760-04:00,2026-07-28,premarket,0,xnys,none,none,0,none,,,neutral,18.65999984741211,740.52,740.8599853515625,-0.05,675.22,675.489990234375,-0.04,0.02,0.02,0.5354,0,55.3,0,1,0,0,1,none,none,not_applicable,v1.3.1-shadow,v1.3.1-shadow,none,none,none,,,,,,0,40,intraday,initial_stop_or_d40_close,2026-07-29,
v1.3.3,data,ok,,,99,processed,,831322081.48,GILD,134.32000732421875,131.63,129.83,0.99,129.83,136.26,consolidate,🔎 觀望,0,0.99,0,0,0.99,0.99,0,0,0,0,0,0,0,3.5,📍 偏離待回 ↑,131.88,135.99,129.39,4.11,3.1,up,1.09,0.0439,-0.19,available,134.07,2026-07-29T08:57:31-04:00,134.32000732421875,2026-07-28,signal_bar_close_auto_adjusted,v1.3.2-signal-bar-close,v1.2.1,legacy-v0,c851a40b8c5a3ad54e47b7224afffe599560d477,8142e595d788ac06,ndx-99-78834e47b659,2026-07-29T09:02:07.293760-04:00,2026-07-28,premarket,0,xnys,none,none,0,none,,,neutral,18.65999984741211,740.52,740.8599853515625,-0.05,675.22,675.489990234375,-0.04,0.02,0.02,0.5354,0,57.0,0,1,0,0,1,none,none,not_applicable,v1.3.1-shadow,v1.3.1-shadow,none,none,none,,,,,,0,40,intraday,initial_stop_or_d40_close,2026-07-29,
v1.3.3,data,ok,,,99,processed,,983731366.8,LIN,511.1799926757813,520.91,512.28,0.97,512.28,522.0,consolidate,🔎 觀望,0,0.97,0,0,0.97,0.97,0,0,0,0,0,0,0,-0.2,🎯 甜點價,512.28,517.9,494.32,11.24,2.2,down,0.1,0.0825,0.38,available,513.1,2026-07-29T08:54:35-04:00,511.1799926757813,2026-07-28,signal_bar_close_auto_adjusted,v1.3.2-signal-bar-close,v1.2.1,legacy-v0,c851a40b8c5a3ad54e47b7224afffe599560d477,8142e595d788ac06,ndx-99-78834e47b659,2026-07-29T09:02:07.293760-04:00,2026-07-28,premarket,0,xnys,none,none,0,none,,,neutral,18.65999984741211,740.52,740.8599853515625,-0.05,675.22,675.489990234375,-0.04,0.02,0.02,0.5354,0,46.7,0,1,0,0,0,none,none,not_applicable,v1.3.1-shadow,v1.3.1-shadow,none,none,none,,,,,,0,40,intraday,initial_stop_or_d40_close,2026-07-29,
v1.3.3,data,ok,,,99,processed,,674745545.06,SBUX,103.0999984741211,104.54,102.86,0.93,102.86,106.07,consolidate,🔎 觀望,0,0.93,0,0,0.93,0.93,0,0,0,0,0,0,0,0.2,🎯 甜點價,102.86,104.28,98.83,2.85,2.8,up,0.08,0.0879,0.67,available,103.7922,2026-07-29T08:58:36-04:00,103.0999984741211,2026-07-28,signal_bar_close_auto_adjusted,v1.3.2-signal-bar-close,v1.2.1,legacy-v0,c851a40b8c5a3ad54e47b7224afffe599560d477,8142e595d788ac06,ndx-99-78834e47b659,2026-07-29T09:02:07.293760-04:00,2026-07-28,premarket,0,xnys,none,none,0,none,,,neutral,18.65999984741211,740.52,740.8599853515625,-0.05,675.22,675.489990234375,-0.04,0.02,0.02,0.5354,0,47.7,0,1,0,0,1,none,none,not_applicable,v1.3.1-shadow,v1.3.1-shadow,none,none,none,,,,,,0,40,intraday,initial_stop_or_d40_close,2026-07-29,
v1.3.3,data,ok,,,99,processed,,376766190.51,FANG,190.30999755859372,188.91,193.2,0.89,193.2,210.55,consolidate,🔎 觀望 | ⚡ 盤前跳空⬆️ +3.6%,0,0.89,0,0,0.89,0.89,0,0,0,0,0,0,0,-1.5,🎯 甜點價,193.2,196.26,181.13,6.12,3.2,down,0.47,0.0444,3.63,available,197.21,2026-07-29T09:00:07-04:00,190.30999755859372,2026-07-28,signal_bar_close_auto_adjusted,v1.3.2-signal-bar-close,v1.2.1,legacy-v0,c851a40b8c5a3ad54e47b7224afffe599560d477,8142e595d788ac06,ndx-99-78834e47b659,2026-07-29T09:02:07.293760-04:00,2026-07-28,premarket,0,xnys,none,none,0,none,,,neutral,18.65999984741211,740.52,740.8599853515625,-0.05,675.22,675.489990234375,-0.04,0.02,0.02,0.5354,0,48.2,0,1,0,0,1,none,none,not_applicable,v1.3.1-shadow,v1.3.1-shadow,none,none,none,,,,,,0,40,intraday,initial_stop_or_d40_close,2026-07-29,
v1.3.3,data,ok,,,99,processed,,359492859.31,XEL,80.33000183105469,80.07,79.44,0.85,79.44,82.57,consolidate,🔎 觀望,0,0.85,0,0,0.85,0.85,0,0,0,0,0,0,0,1.1,🎯 甜點價,79.44,80.29,77.79,1.69,2.1,up,0.53,0.0294,,stale_quote,80.96,2026-07-29T04:01:09-04:00,80.33000183105469,2026-07-28,signal_bar_close_auto_adjusted,v1.3.2-signal-bar-close,v1.2.1,legacy-v0,c851a40b8c5a3ad54e47b7224afffe599560d477,8142e595d788ac06,ndx-99-78834e47b659,2026-07-29T09:02:07.293760-04:00,2026-07-28,premarket,0,xnys,none,none,0,none,,,neutral,18.65999984741211,740.52,740.8599853515625,-0.05,675.22,675.489990234375,-0.04,0.02,0.02,0.5354,0,52.0,0,1,0,0,1,none,none,not_applicable,v1.3.1-shadow,v1.3.1-shadow,none,none,none,,,,,,0,40,intraday,initial_stop_or_d40_close,2026-07-29,
v1.3.3,data,ok,,,99,processed,,868007428.19,TMUS,182.38999938964844,183.5,185.49,0.85,185.49,195.1,consolidate,🔎 觀望,0,0.85,0,0,0.85,0.85,0,0,0,0,0,0,0,-1.7,🎯 甜點價,185.49,189.08,171.63,7.17,3.9,down,0.43,0.0785,-0.55,available,181.38,2026-07-29T08:50:58-04:00,182.38999938964844,2026-07-28,signal_bar_close_auto_adjusted,v1.3.2-signal-bar-close,v1.2.1,legacy-v0,c851a40b8c5a3ad54e47b7224afffe599560d477,8142e595d788ac06,ndx-99-78834e47b659,2026-07-29T09:02:07.293760-04:00,2026-07-28,premarket,0,xnys,none,none,0,none,,,neutral,18.65999984741211,740.52,740.8599853515625,-0.05,675.22,675.489990234375,-0.04,0.02,0.02,0.5354,0,48.6,0,1,0,0,0,none,none,not_applicable,v1.3.1-shadow,v1.3.1-shadow,none,none,none,,,,,,0,40,intraday,initial_stop_or_d40_close,2026-07-29,
v1.3.3,data,ok,,,99,processed,,439296588.74,TTWO,247.6199951171875,243.77,232.33,0.84,232.33,248.7,consolidate,🔎 觀望,0,0.84,0,0,0.84,0.84,0,0,0,0,0,0,0,6.6,⚠️ 已偏離,0.0,0.0,237.41,6.81,2.7,up,2.25,0.0615,-0.65,available,246.0,2026-07-29T09:01:42-04:00,247.6199951171875,2026-07-28,signal_bar_close_auto_adjusted,v1.3.2-signal-bar-close,v1.2.1,legacy-v0,c851a40b8c5a3ad54e47b7224afffe599560d477,8142e595d788ac06,ndx-99-78834e47b659,2026-07-29T09:02:07.293760-04:00,2026-07-28,premarket,0,xnys,none,none,0,none,,,neutral,18.65999984741211,740.52,740.8599853515625,-0.05,675.22,675.489990234375,-0.04,0.02,0.02,0.5354,0,58.5,0,1,0,0,1,none,none,not_applicable,v1.3.1-shadow,v1.3.1-shadow,none,none,none,,,,,,0,40,intraday,initial_stop_or_d40_close,2026-07-29,
v1.3.3,data,ok,,,99,processed,,398706626.1,PCAR,138.2100067138672,126.11,118.68,1.81,118.68,139.24,transition_high,🔎 觀望 | 📉 季營收衰退(-8.9%),-1,0.81,-1,-1,0.81,0.81,-1,0,0,0,0,0,0,16.5,⚠️ 已偏離,0.0,0.0,132.8,3.61,2.6,up,5.42,-0.0894,-0.0,available,138.21,2026-07-29T08:56:24-04:00,138.2100067138672,2026-07-28,signal_bar_close_auto_adjusted,v1.3.2-signal-bar-close,v1.2.1,legacy-v0,c851a40b8c5a3ad54e47b7224afffe599560d477,8142e595d788ac06,ndx-99-78834e47b659,2026-07-29T09:02:07.293760-04:00,2026-07-28,premarket,0,xnys,none,none,0,none,,,neutral,18.65999984741211,740.52,740.8599853515625,-0.05,675.22,675.489990234375,-0.04,0.02,0.02,0.5354,0,74.8,0,0,0,0,1,none,none,not_applicable,v1.3.1-shadow,v1.3.1-shadow,none,none,none,,,,,,0,40,intraday,initial_stop_or_d40_close,2026-07-29,
v1.3.3,data,ok,,,99,processed,,883602926.81,HON,247.0500030517578,229.62,231.44,0.7,231.44,252.0,consolidate,🔎 觀望,0,0.7,0,0,0.7,0.7,0,0,0,0,0,0,0,6.7,⚠️ 已偏離,0.0,0.0,235.89,7.44,3.0,up,2.1,0.0426,0.55,available,248.4,2026-07-29T08:33:55-04:00,247.0500030517578,2026-07-28,signal_bar_close_auto_adjusted,v1.3.2-signal-bar-close,v1.2.1,legacy-v0,c851a40b8c5a3ad54e47b7224afffe599560d477,8142e595d788ac06,ndx-99-78834e47b659,2026-07-29T09:02:07.293760-04:00,2026-07-28,premarket,0,xnys,none,none,0,none,,,neutral,18.65999984741211,740.52,740.8599853515625,-0.05,675.22,675.489990234375,-0.04,0.02,0.02,0.5354,0,64.3,0,1,0,0,1,none,none,not_applicable,v1.3.1-shadow,v1.3.1-shadow,none,none,none,,,,,,0,40,intraday,initial_stop_or_d40_close,2026-07-29,
v1.3.3,data,ok,,,99,processed,,301678943.13,CHTR,139.97000122070312,132.71,139.3,1.34,139.3,141.16,consolidate,🚧 🌤️ 守均線拉回｜回測MA20不破｜YoY衰退否決 | 📉 季營收衰退(-1.0%),-1,0.3400000000000001,-1,-1,0.3400000000000001,0.3400000000000001,-1,0,0,0,0,0,0,0.5,🎯 甜點價,139.3,142.77,129.55,6.94,5.0,up,0.1,-0.01,-0.34,available,139.5,2026-07-29T09:01:45-04:00,139.97000122070312,2026-07-28,signal_bar_close_auto_adjusted,v1.3.2-signal-bar-close,v1.2.1,legacy-v0,c851a40b8c5a3ad54e47b7224afffe599560d477,8142e595d788ac06,ndx-99-78834e47b659,2026-07-29T09:02:07.293760-04:00,2026-07-28,premarket,0,xnys,healthy_pullback,none,5,ma20,132.71,negative_revenue_yoy,neutral,18.65999984741211,740.52,740.8599853515625,-0.05,675.22,675.489990234375,-0.04,0.02,0.02,0.5354,0,56.5,0,1,0,0,1,none,none,vetoed,v1.3.1-shadow,v1.3.1-shadow,none,none,none,,,,,,0,40,intraday,initial_stop_or_d40_close,2026-07-29,negative_revenue_yoy
v1.3.3,data,ok,,,99,processed,,858399534.09,CMCSA,24.190000534057617,23.48,23.94,1.22,23.94,24.26,consolidate,🚧 🌤️ 守均線拉回｜回測MA20不破｜YoY衰退否決 | 📉 季營收衰退(-1.2%),-1,0.2199999999999999,-1,-1,0.2199999999999999,0.2199999999999999,-1,0,0,0,0,0,0,1.0,🎯 甜點價,23.94,24.39,22.85,0.89,3.7,up,0.28,-0.0123,0.25,available,24.25,2026-07-29T09:01:33-04:00,24.190000534057617,2026-07-28,signal_bar_close_auto_adjusted,v1.3.2-signal-bar-close,v1.2.1,legacy-v0,c851a40b8c5a3ad54e47b7224afffe599560d477,8142e595d788ac06,ndx-99-78834e47b659,2026-07-29T09:02:07.293760-04:00,2026-07-28,premarket,0,xnys,healthy_pullback,none,5,ma20,23.48,negative_revenue_yoy,neutral,18.65999984741211,740.52,740.8599853515625,-0.05,675.22,675.489990234375,-0.04,0.02,0.02,0.5354,0,55.9,0,1,0,0,1,none,none,vetoed,v1.3.1-shadow,v1.3.1-shadow,none,none,none,,,,,,0,40,intraday,initial_stop_or_d40_close,2026-07-29,negative_revenue_yoy
v1.3.3,data,ok,,,99,processed,,340285398.77,ODFL,226.27999877929688,226.49,220.69,0.99,220.69,237.15,consolidate,🔎 觀望 | 📉 季營收衰退(-2.9%),-1,-0.01,-1,-1,-0.01,-0.01,-1,0,0,0,0,0,0,2.5,🎯 甜點價,220.69,224.14,215.92,6.9,3.1,up,0.81,-0.0292,-1.46,available,222.9839,2026-07-29T09:00:53-04:00,226.27999877929688,2026-07-28,signal_bar_close_auto_adjusted,v1.3.2-signal-bar-close,v1.2.1,legacy-v0,c851a40b8c5a3ad54e47b7224afffe599560d477,8142e595d788ac06,ndx-99-78834e47b659,2026-07-29T09:02:07.293760-04:00,2026-07-28,premarket,0,xnys,none,none,0,none,,,neutral,18.65999984741211,740.52,740.8599853515625,-0.05,675.22,675.489990234375,-0.04,0.02,0.02,0.5354,0,49.0,0,1,0,0,1,none,none,not_applicable,v1.3.1-shadow,v1.3.1-shadow,none,none,none,,,,,,0,40,intraday,initial_stop_or_d40_close,2026-07-29,
v1.3.3,data,ok,,,99,processed,,2362241659.16,QCOM,162.8800048828125,177.61,201.01,0.9,201.01,178.65,transition_low,🔎 觀望 | 📉 季營收衰退(-3.5%),-1,-0.0999999999999999,-1,-1,-0.0999999999999999,-0.0999999999999999,-1,0,0,0,0,0,0,-19.0,⚠️ 已偏離,0.0,0.0,150.91,7.98,4.9,down,4.78,-0.0346,0.31,available,163.39,2026-07-29T09:01:51-04:00,162.8800048828125,2026-07-28,signal_bar_close_auto_adjusted,v1.3.2-signal-bar-close,v1.2.1,legacy-v0,c851a40b8c5a3ad54e47b7224afffe599560d477,8142e595d788ac06,ndx-99-78834e47b659,2026-07-29T09:02:07.293760-04:00,2026-07-28,premarket,0,xnys,none,none,0,none,,,neutral,18.65999984741211,740.52,740.8599853515625,-0.05,675.22,675.489990234375,-0.04,0.02,0.02,0.5354,0,35.7,0,0,0,0,0,none,none,not_applicable,v1.3.1-shadow,v1.3.1-shadow,none,none,none,,,,,,0,40,intraday,initial_stop_or_d40_close,2026-07-29,
v1.3.3,data,ok,,,99,processed,,513145886.41,WBD,25.61000061035156,26.39,26.76,0.87,26.76,26.58,consolidate,🔎 觀望 | 📉 季營收衰退(-1.0%),-1,-0.13,-1,-1,-0.13,-0.13,-1,0,0,0,0,0,0,-4.3,⚠️ 已偏離,0.0,0.0,24.77,0.56,2.2,down,2.06,-0.0096,-0.31,available,25.53,2026-07-29T08:23:41-04:00,25.61000061035156,2026-07-28,signal_bar_close_auto_adjusted,v1.3.2-signal-bar-close,v1.2.1,legacy-v0,c851a40b8c5a3ad54e47b7224afffe599560d477,8142e595d788ac06,ndx-99-78834e47b659,2026-07-29T09:02:07.293760-04:00,2026-07-28,premarket,0,xnys,none,none,0,none,,,neutral,18.65999984741211,740.52,740.8599853515625,-0.05,675.22,675.489990234375,-0.04,0.02,0.02,0.5354,0,39.1,0,1,0,0,0,none,none,not_applicable,v1.3.1-shadow,v1.3.1-shadow,none,none,none,,,,,,0,40,intraday,initial_stop_or_d40_close,2026-07-29,
v1.3.3,data,ok,,,99,processed,,90328062.44,FER,61.77000045776367,64.6,66.88,1.3,66.88,64.6,consolidate,🔥 靈魂吸籌(觀察標記) | 🚨 季營收雪崩(-16.2%),-2,-0.7,-2,-2,-0.7,-0.7,-2,0,0,0,0,0,0,-7.6,⚠️ 已偏離,0.0,0.0,58.99,1.08,1.8,down,2.76,-0.1621,1.17,available,62.49,2026-07-29T08:54:03-04:00,61.77000045776367,2026-07-28,signal_bar_close_auto_adjusted,v1.3.2-signal-bar-close,v1.2.1,legacy-v0,c851a40b8c5a3ad54e47b7224afffe599560d477,8142e595d788ac06,ndx-99-78834e47b659,2026-07-29T09:02:07.293760-04:00,2026-07-28,premarket,0,xnys,legacy_accumulation,none,0,none,,,neutral,18.65999984741211,740.52,740.8599853515625,-0.05,675.22,675.489990234375,-0.04,0.02,0.02,0.5354,0,30.0,0,1,0,0,0,none,none,not_applicable,v1.3.1-shadow,v1.3.1-shadow,none,none,none,,,,,,0,40,intraday,initial_stop_or_d40_close,2026-07-29,
